{
	"Version": 3,
	"Meta": {
		"Duration": 35.983,
		"Fps": 60.0,
		"Loop": true,
		"AreBeziersRestricted": true,
		"CurveCount": 34,
		"TotalSegmentCount": 1205,
		"TotalPointCount": 3629,
		"UserDataCount": 0,
		"TotalUserDataSize": 0
	},
	"Curves": [
		{
			"Target": "Parameter",
			"Id": "ParamAngleX",
			"Segments": [
				0,
				0,
				1,
				0.244,
				0,
				0.489,
				-12,
				0.733,
				-12,
				1,
				1.389,
				-12,
				2.044,
				2,
				2.7,
				2,
				1,
				3.35,
				2,
				4,
				-19,
				4.65,
				-19,
				1,
				4.883,
				-19,
				5.117,
				0,
				5.35,
				0,
				1,
				5.528,
				0,
				5.706,
				-7,
				5.883,
				-7,
				1,
				6.35,
				-7,
				6.817,
				6,
				7.283,
				6,
				1,
				7.583,
				6,
				7.883,
				6.202,
				8.183,
				0,
				1,
				8.606,
				-8.729,
				9.028,
				-22,
				9.45,
				-22,
				1,
				10.206,
				-22,
				10.961,
				-15.404,
				11.717,
				0,
				1,
				11.817,
				2.039,
				11.917,
				5,
				12.017,
				5,
				1,
				12.456,
				5,
				12.894,
				3.845,
				13.333,
				0,
				1,
				13.411,
				-0.681,
				13.489,
				-11,
				13.567,
				-11,
				1,
				13.728,
				-11,
				13.889,
				0,
				14.05,
				0,
				1,
				14.239,
				0,
				14.428,
				-12,
				14.617,
				-12,
				1,
				14.761,
				-12,
				14.906,
				7,
				15.05,
				7,
				1,
				15.15,
				7,
				15.25,
				-8,
				15.35,
				-8,
				1,
				15.539,
				-8,
				15.728,
				-4.664,
				15.917,
				0,
				1,
				16.044,
				3.155,
				16.172,
				4,
				16.3,
				4,
				1,
				16.428,
				4,
				16.556,
				0,
				16.683,
				0,
				1,
				16.961,
				0,
				17.239,
				6.744,
				17.517,
				7,
				1,
				19.189,
				8.542,
				20.861,
				9,
				22.533,
				9,
				1,
				22.761,
				9,
				22.989,
				2.632,
				23.217,
				-2,
				1,
				23.544,
				-8.665,
				23.872,
				-10,
				24.2,
				-10,
				1,
				24.494,
				-10,
				24.789,
				1,
				25.083,
				1,
				1,
				25.311,
				1,
				25.539,
				-4.48,
				25.767,
				-10,
				1,
				26.089,
				-17.808,
				26.411,
				-20,
				26.733,
				-20,
				1,
				26.95,
				-20,
				27.167,
				-13,
				27.383,
				-13,
				1,
				27.556,
				-13,
				27.728,
				-18,
				27.9,
				-18,
				1,
				28.111,
				-18,
				28.322,
				-16.904,
				28.533,
				-15,
				1,
				28.728,
				-13.246,
				28.922,
				-11.507,
				29.117,
				-10,
				1,
				29.306,
				-8.536,
				29.494,
				-7.972,
				29.683,
				-6,
				1,
				29.822,
				-4.55,
				29.961,
				2.451,
				30.1,
				7,
				1,
				30.256,
				12.095,
				30.411,
				15,
				30.567,
				15,
				1,
				30.728,
				15,
				30.889,
				-13,
				31.05,
				-13,
				1,
				31.267,
				-13,
				31.483,
				-5.354,
				31.7,
				0,
				1,
				31.861,
				3.981,
				32.022,
				4,
				32.183,
				4,
				1,
				32.667,
				4,
				33.15,
				3.255,
				33.633,
				0,
				1,
				33.972,
				-2.282,
				34.311,
				-5,
				34.65,
				-5,
				1,
				35.094,
				-5,
				35.539,
				0,
				35.983,
				0
			]
		},
		{
			"Target": "Parameter",
			"Id": "ParamAngleY",
			"Segments": [
				0,
				-11,
				1,
				0.228,
				-11,
				0.456,
				1,
				0.683,
				1,
				1,
				0.939,
				1,
				1.194,
				-5,
				1.45,
				-5,
				1,
				1.828,
				-5,
				2.206,
				-2.681,
				2.583,
				0,
				1,
				3.022,
				3.115,
				3.461,
				4,
				3.9,
				4,
				1,
				4.311,
				4,
				4.722,
				0.276,
				5.133,
				-10,
				1,
				5.194,
				-11.528,
				5.256,
				-19,
				5.317,
				-19,
				1,
				5.417,
				-19,
				5.517,
				-0.445,
				5.617,
				10,
				1,
				5.722,
				21.025,
				5.828,
				22,
				5.933,
				22,
				1,
				6.156,
				22,
				6.378,
				1.14,
				6.6,
				0,
				1,
				6.839,
				-1.225,
				7.078,
				-1,
				7.317,
				-1,
				1,
				8.033,
				-1,
				8.75,
				0,
				9.467,
				0,
				1,
				10.217,
				0,
				10.967,
				0,
				11.717,
				0,
				1,
				11.817,
				0,
				11.917,
				-6,
				12.017,
				-6,
				1,
				12.456,
				-6,
				12.894,
				-4.629,
				13.333,
				0,
				1,
				13.411,
				0.82,
				13.489,
				30,
				13.567,
				30,
				1,
				13.622,
				30,
				13.678,
				1.473,
				13.733,
				0,
				1,
				13.867,
				-3.535,
				14,
				-4,
				14.133,
				-4,
				1,
				14.394,
				-4,
				14.656,
				5,
				14.917,
				5,
				1,
				15.283,
				5,
				15.65,
				0.753,
				16.017,
				-6,
				1,
				16.111,
				-7.739,
				16.206,
				-8,
				16.3,
				-8,
				1,
				16.428,
				-8,
				16.556,
				0,
				16.683,
				0,
				1,
				16.961,
				0,
				17.239,
				-11,
				17.517,
				-11,
				1,
				18.583,
				-11,
				19.65,
				0,
				20.717,
				0,
				1,
				20.756,
				0,
				20.794,
				-15,
				20.833,
				-15,
				1,
				20.911,
				-15,
				20.989,
				30,
				21.067,
				30,
				1,
				21.283,
				30,
				21.5,
				-8,
				21.717,
				-8,
				1,
				21.989,
				-8,
				22.261,
				-7.503,
				22.533,
				-5,
				1,
				22.761,
				-2.906,
				22.989,
				1.445,
				23.217,
				4,
				1,
				23.544,
				7.676,
				23.872,
				9,
				24.2,
				9,
				1,
				24.378,
				9,
				24.556,
				-3,
				24.733,
				-3,
				1,
				25.078,
				-3,
				25.422,
				15,
				25.767,
				15,
				1,
				26.089,
				15,
				26.411,
				-14,
				26.733,
				-14,
				1,
				26.95,
				-14,
				27.167,
				-13.673,
				27.383,
				-11,
				1,
				27.467,
				-9.972,
				27.55,
				30,
				27.633,
				30,
				1,
				27.933,
				30,
				28.233,
				29.768,
				28.533,
				22,
				1,
				28.728,
				16.965,
				28.922,
				-15,
				29.117,
				-15,
				1,
				29.206,
				-15,
				29.294,
				-3.174,
				29.383,
				0,
				1,
				29.483,
				3.571,
				29.583,
				4.379,
				29.683,
				7,
				1,
				29.822,
				10.641,
				29.961,
				13,
				30.1,
				13,
				1,
				30.256,
				13,
				30.411,
				12.885,
				30.567,
				10,
				1,
				30.728,
				7.012,
				30.889,
				-3.388,
				31.05,
				-6,
				1,
				31.206,
				-8.522,
				31.361,
				-9.221,
				31.517,
				-11,
				1,
				31.739,
				-13.541,
				31.961,
				-15,
				32.183,
				-15,
				1,
				32.783,
				-15,
				33.383,
				-9.045,
				33.983,
				0,
				1,
				34.206,
				3.35,
				34.428,
				4,
				34.65,
				4,
				1,
				35.094,
				4,
				35.539,
				-11,
				35.983,
				-11
			]
		},
		{
			"Target": "Parameter",
			"Id": "ParamAngleZ",
			"Segments": [
				0,
				0,
				1,
				0.483,
				0,
				0.967,
				-3.183,
				1.45,
				-6,
				1,
				2.722,
				-13.415,
				3.994,
				-16,
				5.267,
				-16,
				1,
				5.472,
				-16,
				5.678,
				7,
				5.883,
				7,
				1,
				6.122,
				7,
				6.361,
				0,
				6.6,
				0,
				1,
				6.828,
				0,
				7.056,
				6,
				7.283,
				6,
				1,
				7.5,
				6,
				7.717,
				-30,
				7.933,
				-30,
				1,
				7.983,
				-30,
				8.033,
				-25.35,
				8.083,
				-25,
				1,
				8.211,
				-24.107,
				8.339,
				-24.242,
				8.467,
				-23,
				1,
				8.606,
				-21.65,
				8.744,
				-2.732,
				8.883,
				0,
				1,
				9.078,
				3.825,
				9.272,
				4,
				9.467,
				4,
				1,
				10.217,
				4,
				10.967,
				3.394,
				11.717,
				0,
				1,
				11.939,
				-1.006,
				12.161,
				-26,
				12.383,
				-26,
				1,
				12.517,
				-26,
				12.65,
				17,
				12.783,
				17,
				1,
				12.883,
				17,
				12.983,
				-9,
				13.083,
				-9,
				1,
				13.167,
				-9,
				13.25,
				0,
				13.333,
				0,
				1,
				13.411,
				0,
				13.489,
				-7,
				13.567,
				-7,
				1,
				13.622,
				-7,
				13.678,
				0,
				13.733,
				0,
				1,
				13.867,
				0,
				14,
				-19,
				14.133,
				-19,
				1,
				14.272,
				-19,
				14.411,
				27,
				14.55,
				27,
				1,
				14.694,
				27,
				14.839,
				-30,
				14.983,
				-30,
				1,
				15.122,
				-30,
				15.261,
				30,
				15.4,
				30,
				1,
				15.528,
				30,
				15.656,
				-30,
				15.783,
				-30,
				1,
				15.956,
				-30,
				16.128,
				26,
				16.3,
				26,
				1,
				16.428,
				26,
				16.556,
				1.08,
				16.683,
				0,
				1,
				16.961,
				-2.348,
				17.239,
				-2.544,
				17.517,
				-5,
				1,
				18.261,
				-11.581,
				19.006,
				-17,
				19.75,
				-17,
				1,
				20.906,
				-17,
				22.061,
				2,
				23.217,
				2,
				1,
				23.544,
				2,
				23.872,
				-5,
				24.2,
				-5,
				1,
				24.344,
				-5,
				24.489,
				19,
				24.633,
				19,
				1,
				25.011,
				19,
				25.389,
				-23,
				25.767,
				-23,
				1,
				26.089,
				-23,
				26.411,
				-22.206,
				26.733,
				-18,
				1,
				26.95,
				-15.172,
				27.167,
				-11,
				27.383,
				-11,
				1,
				27.556,
				-11,
				27.728,
				-21,
				27.9,
				-21,
				1,
				28.111,
				-21,
				28.322,
				-21.509,
				28.533,
				-15,
				1,
				28.728,
				-9.005,
				28.922,
				28,
				29.117,
				28,
				1,
				29.306,
				28,
				29.494,
				-4,
				29.683,
				-4,
				1,
				29.822,
				-4,
				29.961,
				22,
				30.1,
				22,
				1,
				30.256,
				22,
				30.411,
				22.404,
				30.567,
				20,
				1,
				30.728,
				17.51,
				30.889,
				-21.442,
				31.05,
				-26,
				1,
				31.206,
				-30.401,
				31.361,
				-30,
				31.517,
				-30,
				1,
				31.739,
				-30,
				31.961,
				-28.479,
				32.183,
				-20,
				1,
				32.45,
				-9.825,
				32.717,
				0,
				32.983,
				0,
				1,
				33.539,
				0,
				34.094,
				-5,
				34.65,
				-5,
				1,
				35.094,
				-5,
				35.539,
				0,
				35.983,
				0
			]
		},
		{
			"Target": "Parameter",
			"Id": "ParamEarLeft",
			"Segments": [
				0,
				-0.5,
				1,
				0.411,
				-0.5,
				0.822,
				0,
				1.233,
				0,
				1,
				1.517,
				0,
				1.8,
				-0.4,
				2.083,
				-0.4,
				1,
				2.517,
				-0.4,
				2.95,
				-0.2,
				3.383,
				-0.2,
				1,
				3.794,
				-0.2,
				4.206,
				-0.6,
				4.617,
				-0.6,
				1,
				4.794,
				-0.6,
				4.972,
				-0.59,
				5.15,
				-0.4,
				1,
				5.233,
				-0.311,
				5.317,
				1,
				5.4,
				1,
				1,
				5.444,
				1,
				5.489,
				-0.379,
				5.533,
				-0.6,
				1,
				5.611,
				-0.986,
				5.689,
				-1,
				5.767,
				-1,
				1,
				5.794,
				-1,
				5.822,
				-0.2,
				5.85,
				-0.2,
				1,
				5.889,
				-0.2,
				5.928,
				-1,
				5.967,
				-1,
				1,
				6.028,
				-1,
				6.089,
				1,
				6.15,
				1,
				1,
				6.311,
				1,
				6.472,
				-0.7,
				6.633,
				-0.7,
				1,
				6.911,
				-0.7,
				7.189,
				-0.553,
				7.467,
				0,
				1,
				7.739,
				0.541,
				8.011,
				1,
				8.283,
				1,
				1,
				8.572,
				1,
				8.861,
				0.349,
				9.15,
				0,
				1,
				9.467,
				-0.383,
				9.783,
				-0.4,
				10.1,
				-0.4,
				1,
				10.317,
				-0.4,
				10.533,
				0,
				10.75,
				0,
				1,
				10.911,
				0,
				11.072,
				-0.023,
				11.233,
				-0.2,
				1,
				11.294,
				-0.267,
				11.356,
				-1,
				11.417,
				-1,
				1,
				11.478,
				-1,
				11.539,
				0.7,
				11.6,
				0.7,
				1,
				11.644,
				0.7,
				11.689,
				0,
				11.733,
				0,
				1,
				11.811,
				0,
				11.889,
				0,
				11.967,
				0,
				1,
				12.2,
				0,
				12.433,
				-0.5,
				12.667,
				-0.5,
				1,
				12.806,
				-0.5,
				12.944,
				0.2,
				13.083,
				0.2,
				1,
				13.161,
				0.2,
				13.239,
				-1,
				13.317,
				-1,
				1,
				13.456,
				-1,
				13.594,
				-0.317,
				13.733,
				0,
				1,
				13.994,
				0.597,
				14.256,
				0.7,
				14.517,
				0.7,
				1,
				14.589,
				0.7,
				14.661,
				-1,
				14.733,
				-1,
				1,
				14.794,
				-1,
				14.856,
				0.5,
				14.917,
				0.5,
				1,
				14.972,
				0.5,
				15.028,
				-0.5,
				15.083,
				-0.5,
				1,
				15.144,
				-0.5,
				15.206,
				0.5,
				15.267,
				0.5,
				1,
				15.311,
				0.5,
				15.356,
				0,
				15.4,
				0,
				1,
				15.606,
				0,
				15.811,
				0.3,
				16.017,
				0.3,
				1,
				16.111,
				0.3,
				16.206,
				-0.1,
				16.3,
				-0.1,
				1,
				16.428,
				-0.1,
				16.556,
				-0.103,
				16.683,
				0,
				1,
				16.772,
				0.072,
				16.861,
				0.5,
				16.95,
				0.5,
				1,
				17.189,
				0.5,
				17.428,
				0.1,
				17.667,
				0.1,
				1,
				17.878,
				0.1,
				18.089,
				1,
				18.3,
				1,
				1,
				18.528,
				1,
				18.756,
				-0.3,
				18.983,
				-0.3,
				1,
				19.2,
				-0.3,
				19.417,
				0,
				19.633,
				0,
				1,
				19.739,
				0,
				19.844,
				-0.4,
				19.95,
				-0.4,
				1,
				20.083,
				-0.4,
				20.217,
				-0.056,
				20.35,
				0,
				1,
				21.078,
				0.305,
				21.806,
				0.4,
				22.533,
				0.4,
				1,
				22.711,
				0.4,
				22.889,
				-0.3,
				23.067,
				-0.3,
				1,
				23.267,
				-0.3,
				23.467,
				0,
				23.667,
				0,
				1,
				24.706,
				0,
				25.744,
				-0.2,
				26.783,
				-0.2,
				1,
				27.056,
				-0.2,
				27.328,
				-0.075,
				27.6,
				0.2,
				1,
				27.789,
				0.391,
				27.978,
				0.5,
				28.167,
				0.5,
				1,
				28.539,
				0.5,
				28.911,
				-0.8,
				29.283,
				-0.8,
				1,
				29.511,
				-0.8,
				29.739,
				0,
				29.967,
				0,
				1,
				30.517,
				0,
				31.067,
				-0.6,
				31.617,
				-0.6,
				1,
				31.744,
				-0.6,
				31.872,
				0.6,
				32,
				0.6,
				1,
				32.156,
				0.6,
				32.311,
				-0.7,
				32.467,
				-0.7,
				1,
				32.617,
				-0.7,
				32.767,
				0.378,
				32.917,
				0.4,
				1,
				33.494,
				0.483,
				34.072,
				0.5,
				34.65,
				0.5,
				1,
				35.094,
				0.5,
				35.539,
				-0.5,
				35.983,
				-0.5
			]
		},
		{
			"Target": "Parameter",
			"Id": "ParamEarRight",
			"Segments": [
				0,
				-0.5,
				1,
				0.411,
				-0.5,
				0.822,
				0,
				1.233,
				0,
				1,
				1.517,
				0,
				1.8,
				-0.4,
				2.083,
				-0.4,
				1,
				2.517,
				-0.4,
				2.95,
				-0.2,
				3.383,
				-0.2,
				1,
				3.794,
				-0.2,
				4.206,
				-0.6,
				4.617,
				-0.6,
				1,
				4.794,
				-0.6,
				4.972,
				-0.59,
				5.15,
				-0.4,
				1,
				5.233,
				-0.311,
				5.317,
				1,
				5.4,
				1,
				1,
				5.444,
				1,
				5.489,
				-0.379,
				5.533,
				-0.6,
				1,
				5.611,
				-0.986,
				5.689,
				-1,
				5.767,
				-1,
				1,
				5.794,
				-1,
				5.822,
				-0.3,
				5.85,
				-0.3,
				1,
				5.889,
				-0.3,
				5.928,
				-1,
				5.967,
				-1,
				1,
				6.028,
				-1,
				6.089,
				1,
				6.15,
				1,
				1,
				6.311,
				1,
				6.472,
				-0.7,
				6.633,
				-0.7,
				1,
				6.911,
				-0.7,
				7.189,
				-0.553,
				7.467,
				0,
				1,
				7.739,
				0.541,
				8.011,
				1,
				8.283,
				1,
				1,
				8.572,
				1,
				8.861,
				-0.6,
				9.15,
				-0.6,
				1,
				9.467,
				-0.6,
				9.783,
				0.1,
				10.1,
				0.1,
				1,
				10.317,
				0.1,
				10.533,
				0.075,
				10.75,
				0,
				1,
				10.911,
				-0.056,
				11.072,
				-0.11,
				11.233,
				-0.2,
				1,
				11.294,
				-0.234,
				11.356,
				-1,
				11.417,
				-1,
				1,
				11.478,
				-1,
				11.539,
				0.7,
				11.6,
				0.7,
				1,
				11.656,
				0.7,
				11.711,
				0.191,
				11.767,
				0.1,
				1,
				11.833,
				-0.01,
				11.9,
				0,
				11.967,
				0,
				1,
				12.2,
				0,
				12.433,
				0.3,
				12.667,
				0.3,
				1,
				12.806,
				0.3,
				12.944,
				0.3,
				13.083,
				0.3,
				1,
				13.161,
				0.3,
				13.239,
				-0.9,
				13.317,
				-0.9,
				1,
				13.456,
				-0.9,
				13.594,
				-0.312,
				13.733,
				0,
				1,
				13.994,
				0.586,
				14.256,
				0.7,
				14.517,
				0.7,
				1,
				14.589,
				0.7,
				14.661,
				-1,
				14.733,
				-1,
				1,
				14.794,
				-1,
				14.856,
				0.6,
				14.917,
				0.6,
				1,
				14.972,
				0.6,
				15.028,
				-0.5,
				15.083,
				-0.5,
				1,
				15.144,
				-0.5,
				15.206,
				0.4,
				15.267,
				0.4,
				1,
				15.311,
				0.4,
				15.356,
				0,
				15.4,
				0,
				1,
				15.606,
				0,
				15.811,
				0.4,
				16.017,
				0.4,
				1,
				16.111,
				0.4,
				16.206,
				-0.2,
				16.3,
				-0.2,
				1,
				16.428,
				-0.2,
				16.556,
				-0.189,
				16.683,
				0,
				1,
				16.772,
				0.132,
				16.861,
				0.5,
				16.95,
				0.5,
				1,
				17.189,
				0.5,
				17.428,
				0.1,
				17.667,
				0.1,
				1,
				17.878,
				0.1,
				18.089,
				0.8,
				18.3,
				0.8,
				1,
				18.528,
				0.8,
				18.756,
				-0.4,
				18.983,
				-0.4,
				1,
				19.2,
				-0.4,
				19.417,
				0.2,
				19.633,
				0.2,
				1,
				19.739,
				0.2,
				19.844,
				-0.4,
				19.95,
				-0.4,
				1,
				20.083,
				-0.4,
				20.217,
				0,
				20.35,
				0,
				1,
				21.078,
				0,
				21.806,
				-0.132,
				22.533,
				-0.4,
				1,
				22.711,
				-0.465,
				22.889,
				-0.5,
				23.067,
				-0.5,
				1,
				23.267,
				-0.5,
				23.467,
				0,
				23.667,
				0,
				1,
				24.706,
				0,
				25.744,
				-0.3,
				26.783,
				-0.3,
				1,
				27.056,
				-0.3,
				27.328,
				0.219,
				27.6,
				0.4,
				1,
				27.789,
				0.526,
				27.978,
				0.5,
				28.167,
				0.5,
				1,
				28.539,
				0.5,
				28.911,
				-0.8,
				29.283,
				-0.8,
				1,
				29.511,
				-0.8,
				29.739,
				0,
				29.967,
				0,
				1,
				30.517,
				0,
				31.067,
				-0.7,
				31.617,
				-0.7,
				1,
				31.744,
				-0.7,
				31.872,
				0.6,
				32,
				0.6,
				1,
				32.156,
				0.6,
				32.311,
				-0.7,
				32.467,
				-0.7,
				1,
				32.617,
				-0.7,
				32.767,
				0.378,
				32.917,
				0.4,
				1,
				33.494,
				0.483,
				34.072,
				0.5,
				34.65,
				0.5,
				1,
				35.094,
				0.5,
				35.539,
				-0.5,
				35.983,
				-0.5
			]
		},
		{
			"Target": "Parameter",
			"Id": "ParamMouthForm",
			"Segments": [
				0,
				0.8,
				1,
				0.239,
				0.8,
				0.478,
				1,
				0.717,
				1,
				1,
				1.339,
				1,
				1.961,
				0.3,
				2.583,
				0.3,
				1,
				3.128,
				0.3,
				3.672,
				0.3,
				4.217,
				0.3,
				1,
				4.539,
				0.3,
				4.861,
				0.7,
				5.183,
				0.7,
				1,
				5.361,
				0.7,
				5.539,
				-1,
				5.717,
				-1,
				1,
				5.844,
				-1,
				5.972,
				-0.839,
				6.1,
				-0.7,
				1,
				6.533,
				-0.228,
				6.967,
				0.138,
				7.4,
				0.6,
				1,
				7.433,
				0.636,
				7.467,
				1,
				7.5,
				1,
				1,
				7.567,
				1,
				7.633,
				0.204,
				7.7,
				-0.4,
				1,
				7.761,
				-0.953,
				7.822,
				-1,
				7.883,
				-1,
				1,
				7.928,
				-1,
				7.972,
				-0.918,
				8.017,
				-0.3,
				1,
				8.056,
				0.241,
				8.094,
				1,
				8.133,
				1,
				1,
				8.161,
				1,
				8.189,
				-0.5,
				8.217,
				-0.5,
				1,
				8.267,
				-0.5,
				8.317,
				1,
				8.367,
				1,
				1,
				8.422,
				1,
				8.478,
				0.7,
				8.533,
				0.7,
				1,
				8.828,
				0.7,
				9.122,
				0.7,
				9.417,
				0.7,
				1,
				9.439,
				0.7,
				9.461,
				0,
				9.483,
				0,
				1,
				9.517,
				0,
				9.55,
				0.8,
				9.583,
				0.8,
				1,
				9.756,
				0.8,
				9.928,
				0.79,
				10.1,
				0.7,
				1,
				10.161,
				0.668,
				10.222,
				-1,
				10.283,
				-1,
				1,
				10.356,
				-1,
				10.428,
				1,
				10.5,
				1,
				1,
				10.578,
				1,
				10.656,
				0.97,
				10.733,
				0.8,
				1,
				10.756,
				0.752,
				10.778,
				-1,
				10.8,
				-1,
				1,
				10.833,
				-1,
				10.867,
				0.4,
				10.9,
				0.4,
				1,
				10.939,
				0.4,
				10.978,
				-0.5,
				11.017,
				-0.5,
				1,
				11.072,
				-0.5,
				11.128,
				1,
				11.183,
				1,
				1,
				11.306,
				1,
				11.428,
				0.7,
				11.55,
				0.7,
				1,
				11.883,
				0.7,
				12.217,
				0.7,
				12.55,
				0.7,
				1,
				12.594,
				0.7,
				12.639,
				-1,
				12.683,
				-1,
				1,
				12.778,
				-1,
				12.872,
				0.4,
				12.967,
				0.5,
				1,
				13.078,
				0.618,
				13.189,
				0.611,
				13.3,
				0.7,
				1,
				13.344,
				0.735,
				13.389,
				1,
				13.433,
				1,
				1,
				13.506,
				1,
				13.578,
				1.027,
				13.65,
				0.9,
				1,
				13.722,
				0.773,
				13.794,
				-1,
				13.867,
				-1,
				1,
				13.922,
				-1,
				13.978,
				-0.5,
				14.033,
				0,
				1,
				14.089,
				0.5,
				14.144,
				0.6,
				14.2,
				0.6,
				1,
				14.256,
				0.6,
				14.311,
				-1,
				14.367,
				-1,
				1,
				14.428,
				-1,
				14.489,
				-0.345,
				14.55,
				-0.3,
				1,
				14.628,
				-0.243,
				14.706,
				-0.254,
				14.783,
				-0.2,
				1,
				14.833,
				-0.165,
				14.883,
				1,
				14.933,
				1,
				1,
				15.789,
				1,
				16.644,
				0.988,
				17.5,
				0.8,
				1,
				17.944,
				0.702,
				18.389,
				0.1,
				18.833,
				0.1,
				1,
				19.028,
				0.1,
				19.222,
				0.8,
				19.417,
				0.8,
				1,
				19.861,
				0.8,
				20.306,
				0.772,
				20.75,
				0.7,
				1,
				20.783,
				0.695,
				20.817,
				-1,
				20.85,
				-1,
				1,
				20.894,
				-1,
				20.939,
				0.7,
				20.983,
				0.7,
				1,
				21.333,
				0.7,
				21.683,
				0.7,
				22.033,
				0.7,
				1,
				22.078,
				0.7,
				22.122,
				-0.6,
				22.167,
				-0.6,
				1,
				22.211,
				-0.6,
				22.256,
				-0.504,
				22.3,
				-0.1,
				1,
				22.339,
				0.253,
				22.378,
				0.6,
				22.417,
				0.6,
				1,
				22.589,
				0.6,
				22.761,
				0.6,
				22.933,
				0.6,
				1,
				22.989,
				0.6,
				23.044,
				-0.9,
				23.1,
				-0.9,
				1,
				23.144,
				-0.9,
				23.189,
				-0.789,
				23.233,
				-0.2,
				1,
				23.278,
				0.389,
				23.322,
				1,
				23.367,
				1,
				1,
				23.433,
				1,
				23.5,
				0.601,
				23.567,
				0.6,
				1,
				25.139,
				0.565,
				26.711,
				0.536,
				28.283,
				0.5,
				1,
				28.422,
				0.497,
				28.561,
				-0.5,
				28.7,
				-0.5,
				1,
				28.772,
				-0.5,
				28.844,
				0.251,
				28.917,
				0.4,
				1,
				28.978,
				0.526,
				29.039,
				0.5,
				29.1,
				0.5,
				1,
				29.667,
				0.5,
				30.233,
				0.5,
				30.8,
				0.5,
				1,
				30.833,
				0.5,
				30.867,
				-1,
				30.9,
				-1,
				1,
				30.967,
				-1,
				31.033,
				-0.908,
				31.1,
				-0.4,
				1,
				31.172,
				0.15,
				31.244,
				0.7,
				31.317,
				0.7,
				0,
				35.983,
				0.7
			]
		},
		{
			"Target": "Parameter",
			"Id": "ParamMouthOpenY",
			"Segments": [
				0,
				0,
				1,
				0.239,
				0,
				0.478,
				0.3,
				0.717,
				0.3,
				1,
				0.9,
				0.3,
				1.083,
				0,
				1.267,
				0,
				1,
				1.567,
				0,
				1.867,
				0.7,
				2.167,
				0.7,
				1,
				2.45,
				0.7,
				2.733,
				0,
				3.017,
				0,
				1,
				3.272,
				0,
				3.528,
				0.3,
				3.783,
				0.3,
				1,
				4.078,
				0.3,
				4.372,
				0,
				4.667,
				0,
				1,
				4.856,
				0,
				5.044,
				0.5,
				5.233,
				0.5,
				1,
				5.433,
				0.5,
				5.633,
				0,
				5.833,
				0,
				1,
				5.906,
				0,
				5.978,
				0,
				6.05,
				0,
				1,
				6.156,
				0,
				6.261,
				0.8,
				6.367,
				0.8,
				1,
				6.483,
				0.8,
				6.6,
				0,
				6.717,
				0,
				1,
				6.967,
				0,
				7.217,
				0,
				7.467,
				0,
				1,
				7.511,
				0,
				7.556,
				0.7,
				7.6,
				0.7,
				1,
				7.633,
				0.7,
				7.667,
				0,
				7.7,
				0,
				1,
				7.728,
				0,
				7.756,
				0.8,
				7.783,
				0.8,
				1,
				7.811,
				0.8,
				7.839,
				0.5,
				7.867,
				0.5,
				1,
				7.917,
				0.5,
				7.967,
				1,
				8.017,
				1,
				1,
				8.044,
				1,
				8.072,
				0.833,
				8.1,
				0.5,
				1,
				8.128,
				0.167,
				8.156,
				0,
				8.183,
				0,
				1,
				8.217,
				0,
				8.25,
				0.7,
				8.283,
				0.7,
				1,
				8.3,
				0.7,
				8.317,
				0.2,
				8.333,
				0.2,
				1,
				8.367,
				0.2,
				8.4,
				1,
				8.433,
				1,
				1,
				8.494,
				1,
				8.556,
				0,
				8.617,
				0,
				1,
				8.867,
				0,
				9.117,
				0,
				9.367,
				0,
				1,
				9.411,
				0,
				9.456,
				0.6,
				9.5,
				0.6,
				1,
				9.567,
				0.6,
				9.633,
				0.568,
				9.7,
				0.4,
				1,
				9.722,
				0.344,
				9.744,
				0,
				9.767,
				0,
				1,
				9.833,
				0,
				9.9,
				0.5,
				9.967,
				0.5,
				1,
				10.017,
				0.5,
				10.067,
				0,
				10.117,
				0,
				1,
				10.139,
				0,
				10.161,
				0.8,
				10.183,
				0.8,
				1,
				10.2,
				0.8,
				10.217,
				0.3,
				10.233,
				0.3,
				1,
				10.267,
				0.3,
				10.3,
				0.6,
				10.333,
				0.6,
				1,
				10.372,
				0.6,
				10.411,
				0.4,
				10.45,
				0.4,
				1,
				10.478,
				0.4,
				10.506,
				0.7,
				10.533,
				0.7,
				1,
				10.6,
				0.7,
				10.667,
				0,
				10.733,
				0,
				1,
				10.761,
				0,
				10.789,
				1,
				10.817,
				1,
				1,
				10.85,
				1,
				10.883,
				0.685,
				10.917,
				0.4,
				1,
				10.939,
				0.21,
				10.961,
				0.2,
				10.983,
				0.2,
				1,
				11,
				0.2,
				11.017,
				0.6,
				11.033,
				0.6,
				1,
				11.056,
				0.6,
				11.078,
				0.3,
				11.1,
				0.3,
				1,
				11.144,
				0.3,
				11.189,
				0.8,
				11.233,
				0.8,
				1,
				11.356,
				0.8,
				11.478,
				0,
				11.6,
				0,
				1,
				11.783,
				0,
				11.967,
				0,
				12.15,
				0,
				1,
				12.172,
				0,
				12.194,
				0.7,
				12.217,
				0.7,
				1,
				12.228,
				0.7,
				12.239,
				0.3,
				12.25,
				0.3,
				1,
				12.278,
				0.3,
				12.306,
				0.8,
				12.333,
				0.8,
				1,
				12.35,
				0.8,
				12.367,
				0.4,
				12.383,
				0.4,
				1,
				12.4,
				0.4,
				12.417,
				0.8,
				12.433,
				0.8,
				1,
				12.472,
				0.8,
				12.511,
				0,
				12.55,
				0,
				1,
				12.578,
				0,
				12.606,
				0.6,
				12.633,
				0.6,
				1,
				12.656,
				0.6,
				12.678,
				0.4,
				12.7,
				0.4,
				1,
				12.744,
				0.4,
				12.789,
				0.8,
				12.833,
				0.8,
				1,
				12.922,
				0.8,
				13.011,
				0,
				13.1,
				0,
				1,
				13.217,
				0,
				13.333,
				0,
				13.45,
				0,
				1,
				13.472,
				0,
				13.494,
				0.9,
				13.517,
				0.9,
				1,
				13.544,
				0.9,
				13.572,
				0.2,
				13.6,
				0.2,
				1,
				13.628,
				0.2,
				13.656,
				0.7,
				13.683,
				0.7,
				1,
				13.7,
				0.7,
				13.717,
				0.2,
				13.733,
				0.2,
				1,
				13.767,
				0.2,
				13.8,
				0.8,
				13.833,
				0.8,
				1,
				13.856,
				0.8,
				13.878,
				0.1,
				13.9,
				0.1,
				1,
				13.917,
				0.1,
				13.933,
				0.7,
				13.95,
				0.7,
				1,
				13.989,
				0.7,
				14.028,
				0.2,
				14.067,
				0.2,
				1,
				14.094,
				0.2,
				14.122,
				0.8,
				14.15,
				0.8,
				1,
				14.167,
				0.8,
				14.183,
				0.4,
				14.2,
				0.4,
				1,
				14.228,
				0.4,
				14.256,
				0.8,
				14.283,
				0.8,
				1,
				14.311,
				0.8,
				14.339,
				0.4,
				14.367,
				0.4,
				1,
				14.389,
				0.4,
				14.411,
				0.8,
				14.433,
				0.8,
				1,
				14.45,
				0.8,
				14.467,
				0.7,
				14.483,
				0.7,
				1,
				14.5,
				0.7,
				14.517,
				1,
				14.533,
				1,
				1,
				14.561,
				1,
				14.589,
				0.4,
				14.617,
				0.4,
				1,
				14.65,
				0.4,
				14.683,
				0.7,
				14.717,
				0.7,
				1,
				14.733,
				0.7,
				14.75,
				0,
				14.767,
				0,
				1,
				14.794,
				0,
				14.822,
				0.265,
				14.85,
				0.4,
				1,
				14.872,
				0.508,
				14.894,
				0.5,
				14.917,
				0.5,
				1,
				14.972,
				0.5,
				15.028,
				0,
				15.083,
				0,
				1,
				15.278,
				0,
				15.472,
				0,
				15.667,
				0,
				1,
				15.8,
				0,
				15.933,
				0.9,
				16.067,
				0.9,
				1,
				16.411,
				0.9,
				16.756,
				0.907,
				17.1,
				0.8,
				1,
				17.344,
				0.724,
				17.589,
				0,
				17.833,
				0,
				1,
				18.811,
				0,
				19.789,
				0,
				20.767,
				0,
				1,
				20.8,
				0,
				20.833,
				0.6,
				20.867,
				0.6,
				1,
				20.906,
				0.6,
				20.944,
				0.3,
				20.983,
				0.3,
				1,
				21.039,
				0.3,
				21.094,
				0.8,
				21.15,
				0.8,
				1,
				21.228,
				0.8,
				21.306,
				0,
				21.383,
				0,
				1,
				21.494,
				0,
				21.606,
				0,
				21.717,
				0,
				1,
				21.761,
				0,
				21.806,
				0.6,
				21.85,
				0.6,
				1,
				21.878,
				0.6,
				21.906,
				0.2,
				21.933,
				0.2,
				1,
				21.967,
				0.2,
				22,
				0.7,
				22.033,
				0.7,
				1,
				22.05,
				0.7,
				22.067,
				0.4,
				22.083,
				0.4,
				1,
				22.106,
				0.4,
				22.128,
				0.8,
				22.15,
				0.8,
				1,
				22.183,
				0.8,
				22.217,
				0,
				22.25,
				0,
				1,
				22.272,
				0,
				22.294,
				0.5,
				22.317,
				0.5,
				1,
				22.333,
				0.5,
				22.35,
				0.4,
				22.367,
				0.4,
				1,
				22.394,
				0.4,
				22.422,
				0.7,
				22.45,
				0.7,
				1,
				22.483,
				0.7,
				22.517,
				0,
				22.55,
				0,
				1,
				22.583,
				0,
				22.617,
				1,
				22.65,
				1,
				1,
				22.689,
				1,
				22.728,
				0.5,
				22.767,
				0.5,
				1,
				22.789,
				0.5,
				22.811,
				0.9,
				22.833,
				0.9,
				1,
				22.85,
				0.9,
				22.867,
				0,
				22.883,
				0,
				1,
				22.906,
				0,
				22.928,
				0.8,
				22.95,
				0.8,
				1,
				22.989,
				0.8,
				23.028,
				0,
				23.067,
				0,
				1,
				23.1,
				0,
				23.133,
				0.5,
				23.167,
				0.5,
				1,
				23.194,
				0.5,
				23.222,
				0.4,
				23.25,
				0.4,
				1,
				23.289,
				0.4,
				23.328,
				0.9,
				23.367,
				0.9,
				1,
				23.4,
				0.9,
				23.433,
				0,
				23.467,
				0,
				1,
				23.517,
				0,
				23.567,
				0.8,
				23.617,
				0.8,
				1,
				23.639,
				0.8,
				23.661,
				0.608,
				23.683,
				0.5,
				1,
				23.761,
				0.123,
				23.839,
				0,
				23.917,
				0,
				1,
				25.094,
				0,
				26.272,
				0,
				27.45,
				0,
				1,
				27.478,
				0,
				27.506,
				0,
				27.533,
				0,
				1,
				27.572,
				0,
				27.611,
				1,
				27.65,
				1,
				1,
				27.689,
				1,
				27.728,
				0,
				27.767,
				0,
				1,
				27.794,
				0,
				27.822,
				0.7,
				27.85,
				0.7,
				1,
				27.878,
				0.7,
				27.906,
				0.5,
				27.933,
				0.5,
				1,
				27.956,
				0.5,
				27.978,
				0.8,
				28,
				0.8,
				1,
				28.028,
				0.8,
				28.056,
				0,
				28.083,
				0,
				1,
				28.111,
				0,
				28.139,
				0.7,
				28.167,
				0.7,
				1,
				28.211,
				0.7,
				28.256,
				0.442,
				28.3,
				0.2,
				1,
				28.333,
				0.018,
				28.367,
				0,
				28.4,
				0,
				1,
				28.444,
				0,
				28.489,
				0.8,
				28.533,
				0.8,
				1,
				28.567,
				0.8,
				28.6,
				0,
				28.633,
				0,
				1,
				28.661,
				0,
				28.689,
				1,
				28.717,
				1,
				1,
				28.744,
				1,
				28.772,
				0,
				28.8,
				0,
				1,
				28.833,
				0,
				28.867,
				0.8,
				28.9,
				0.8,
				1,
				28.983,
				0.8,
				29.067,
				0.5,
				29.15,
				0.5,
				1,
				29.183,
				0.5,
				29.217,
				0.8,
				29.25,
				0.8,
				1,
				29.306,
				0.8,
				29.361,
				0,
				29.417,
				0,
				1,
				29.611,
				0,
				29.806,
				0,
				30,
				0,
				1,
				30.061,
				0,
				30.122,
				0.9,
				30.183,
				0.9,
				1,
				30.222,
				0.9,
				30.261,
				0,
				30.3,
				0,
				1,
				30.339,
				0,
				30.378,
				1,
				30.417,
				1,
				1,
				30.456,
				1,
				30.494,
				0.3,
				30.533,
				0.3,
				1,
				30.567,
				0.3,
				30.6,
				0.9,
				30.633,
				0.9,
				1,
				30.678,
				0.9,
				30.722,
				0.5,
				30.767,
				0.5,
				1,
				30.806,
				0.5,
				30.844,
				1,
				30.883,
				1,
				1,
				30.917,
				1,
				30.95,
				0.4,
				30.983,
				0.4,
				1,
				31.033,
				0.4,
				31.083,
				1,
				31.133,
				1,
				1,
				31.167,
				1,
				31.2,
				0.2,
				31.233,
				0.2,
				1,
				31.256,
				0.2,
				31.278,
				0.333,
				31.3,
				0.6,
				1,
				31.322,
				0.867,
				31.344,
				1,
				31.367,
				1,
				1,
				31.461,
				1,
				31.556,
				0,
				31.65,
				0,
				0,
				35.983,
				0
			]
		},
		{
			"Target": "Parameter",
			"Id": "ParamSweatVisible",
			"Segments": [
				0,
				0,
				0,
				5.217,
				0,
				1,
				5.322,
				0,
				5.428,
				0,
				5.533,
				0,
				1,
				5.594,
				0,
				5.656,
				1,
				5.717,
				1,
				1,
				6.239,
				1,
				6.761,
				1,
				7.283,
				1,
				1,
				7.356,
				1,
				7.428,
				0,
				7.5,
				0,
				0,
				35.983,
				0
			]
		},
		{
			"Target": "Parameter",
			"Id": "ParamSweatPos",
			"Segments": [
				0,
				0,
				0,
				5.217,
				0,
				1,
				5.322,
				0,
				5.428,
				0,
				5.533,
				0,
				1,
				5.594,
				0,
				5.656,
				0.355,
				5.717,
				0.4,
				1,
				6.311,
				0.834,
				6.906,
				1,
				7.5,
				1,
				1,
				7.556,
				1,
				7.611,
				0,
				7.667,
				0,
				0,
				35.983,
				0
			]
		},
		{
			"Target": "Parameter",
			"Id": "ParamBodyAngleX",
			"Segments": [
				0,
				-2,
				1,
				0.578,
				-2,
				1.156,
				1.283,
				1.733,
				4,
				1,
				2.594,
				8.05,
				3.456,
				9,
				4.317,
				9,
				1,
				4.733,
				9,
				5.15,
				-2.694,
				5.567,
				-4,
				1,
				5.967,
				-5.253,
				6.367,
				-5,
				6.767,
				-5,
				1,
				7.011,
				-5,
				7.256,
				-4.036,
				7.5,
				0,
				1,
				7.567,
				1.101,
				7.633,
				10,
				7.7,
				10,
				1,
				8.15,
				10,
				8.6,
				-0.876,
				9.05,
				-3,
				1,
				10.006,
				-7.511,
				10.961,
				-8,
				11.917,
				-8,
				1,
				12.072,
				-8,
				12.228,
				4,
				12.383,
				4,
				1,
				12.694,
				4,
				13.006,
				0,
				13.317,
				0,
				1,
				13.528,
				0,
				13.739,
				10,
				13.95,
				10,
				1,
				14.067,
				10,
				14.183,
				-6,
				14.3,
				-6,
				1,
				14.4,
				-6,
				14.5,
				10,
				14.6,
				10,
				1,
				14.733,
				10,
				14.867,
				-2,
				15,
				-2,
				1,
				15.117,
				-2,
				15.233,
				10,
				15.35,
				10,
				1,
				15.489,
				10,
				15.628,
				-8,
				15.767,
				-8,
				1,
				15.928,
				-8,
				16.089,
				9,
				16.25,
				9,
				1,
				16.444,
				9,
				16.639,
				-7,
				16.833,
				-7,
				1,
				17.233,
				-7,
				17.633,
				2,
				18.033,
				2,
				1,
				18.161,
				2,
				18.289,
				0,
				18.417,
				0,
				1,
				18.517,
				0,
				18.617,
				0.543,
				18.717,
				1,
				1,
				19.622,
				5.139,
				20.528,
				7,
				21.433,
				7,
				1,
				21.839,
				7,
				22.244,
				0,
				22.65,
				0,
				1,
				23.144,
				0,
				23.639,
				1,
				24.133,
				1,
				1,
				24.772,
				1,
				25.411,
				-10,
				26.05,
				-10,
				1,
				26.517,
				-10,
				26.983,
				0,
				27.45,
				0,
				1,
				27.906,
				0,
				28.361,
				-4,
				28.817,
				-4,
				1,
				28.989,
				-4,
				29.161,
				5,
				29.333,
				5,
				1,
				31.55,
				5,
				33.767,
				-2,
				35.983,
				-2
			]
		},
		{
			"Target": "Parameter",
			"Id": "ParamBodyAngleY",
			"Segments": [
				0,
				6,
				1,
				0.228,
				6,
				0.456,
				-3,
				0.683,
				-3,
				1,
				1.083,
				-3,
				1.483,
				1,
				1.883,
				1,
				1,
				2.928,
				1,
				3.972,
				0.716,
				5.017,
				0,
				1,
				5.094,
				-0.053,
				5.172,
				-10,
				5.25,
				-10,
				1,
				5.489,
				-10,
				5.728,
				-0.358,
				5.967,
				0,
				1,
				6.328,
				0.541,
				6.689,
				0.56,
				7.05,
				1,
				1,
				7.217,
				1.203,
				7.383,
				2,
				7.55,
				2,
				1,
				7.617,
				2,
				7.683,
				-6,
				7.75,
				-6,
				1,
				8.161,
				-6,
				8.572,
				1,
				8.983,
				1,
				1,
				9.15,
				1,
				9.317,
				-1,
				9.483,
				-1,
				1,
				9.567,
				-1,
				9.65,
				2,
				9.733,
				2,
				1,
				10.228,
				2,
				10.722,
				0.792,
				11.217,
				0,
				1,
				11.55,
				-0.534,
				11.883,
				-0.525,
				12.217,
				-1,
				1,
				12.367,
				-1.214,
				12.517,
				-7,
				12.667,
				-7,
				1,
				12.928,
				-7,
				13.189,
				6,
				13.45,
				6,
				1,
				13.633,
				6,
				13.817,
				0,
				14,
				0,
				1,
				14.217,
				0,
				14.433,
				3,
				14.65,
				3,
				1,
				14.8,
				3,
				14.95,
				-9,
				15.1,
				-9,
				1,
				15.372,
				-9,
				15.644,
				-0.042,
				15.917,
				1,
				1,
				16.422,
				2.935,
				16.928,
				3,
				17.433,
				3,
				1,
				17.611,
				3,
				17.789,
				0.607,
				17.967,
				0,
				1,
				18.456,
				-1.67,
				18.944,
				-2,
				19.433,
				-2,
				1,
				20.1,
				-2,
				20.767,
				2,
				21.433,
				2,
				1,
				21.994,
				2,
				22.556,
				1.567,
				23.117,
				0,
				1,
				23.456,
				-0.946,
				23.794,
				-2,
				24.133,
				-2,
				1,
				24.772,
				-2,
				25.411,
				5,
				26.05,
				5,
				1,
				26.517,
				5,
				26.983,
				0,
				27.45,
				0,
				1,
				27.906,
				0,
				28.361,
				1.436,
				28.817,
				2,
				1,
				31.206,
				4.96,
				33.594,
				6,
				35.983,
				6
			]
		},
		{
			"Target": "Parameter",
			"Id": "ParamBodyAngleZ",
			"Segments": [
				0,
				-3,
				1,
				0.289,
				-3,
				0.578,
				-7,
				0.867,
				-7,
				1,
				1.411,
				-7,
				1.956,
				-2.573,
				2.5,
				0,
				1,
				2.939,
				2.074,
				3.378,
				2,
				3.817,
				2,
				1,
				4.144,
				2,
				4.472,
				-3,
				4.8,
				-3,
				1,
				5.028,
				-3,
				5.256,
				5,
				5.483,
				5,
				1,
				5.611,
				5,
				5.739,
				-7,
				5.867,
				-7,
				1,
				5.956,
				-7,
				6.044,
				0,
				6.133,
				0,
				1,
				6.3,
				0,
				6.467,
				0,
				6.633,
				0,
				1,
				6.917,
				0,
				7.2,
				1,
				7.483,
				1,
				1,
				7.628,
				1,
				7.772,
				-5,
				7.917,
				-5,
				1,
				8.306,
				-5,
				8.694,
				-2.962,
				9.083,
				1,
				1,
				9.283,
				3.037,
				9.483,
				4,
				9.683,
				4,
				1,
				10.05,
				4,
				10.417,
				-2,
				10.783,
				-2,
				1,
				11.2,
				-2,
				11.617,
				5,
				12.033,
				5,
				1,
				12.2,
				5,
				12.367,
				-2,
				12.533,
				-2,
				1,
				12.644,
				-2,
				12.756,
				0,
				12.867,
				0,
				1,
				13.089,
				0,
				13.311,
				-4,
				13.533,
				-4,
				1,
				13.6,
				-4,
				13.667,
				1.014,
				13.733,
				3,
				1,
				13.85,
				6.475,
				13.967,
				7,
				14.083,
				7,
				1,
				14.206,
				7,
				14.328,
				-10,
				14.45,
				-10,
				1,
				14.639,
				-10,
				14.828,
				6,
				15.017,
				6,
				1,
				15.15,
				6,
				15.283,
				-10,
				15.417,
				-10,
				1,
				15.556,
				-10,
				15.694,
				9,
				15.833,
				9,
				1,
				16.017,
				9,
				16.2,
				-7,
				16.383,
				-7,
				1,
				16.622,
				-7,
				16.861,
				-0.647,
				17.1,
				0,
				1,
				18.006,
				2.453,
				18.911,
				3,
				19.817,
				3,
				1,
				20.356,
				3,
				20.894,
				-2,
				21.433,
				-2,
				1,
				22.156,
				-2,
				22.878,
				5,
				23.6,
				5,
				1,
				23.778,
				5,
				23.956,
				3,
				24.133,
				3,
				1,
				24.294,
				3,
				24.456,
				3.83,
				24.617,
				5,
				1,
				25.094,
				8.471,
				25.572,
				10,
				26.05,
				10,
				1,
				26.517,
				10,
				26.983,
				3.571,
				27.45,
				-3,
				1,
				27.55,
				-4.408,
				27.65,
				-4.567,
				27.75,
				-5,
				1,
				27.933,
				-5.794,
				28.117,
				-6,
				28.3,
				-6,
				1,
				28.517,
				-6,
				28.733,
				4,
				28.95,
				4,
				1,
				30.5,
				4,
				32.05,
				-7,
				33.6,
				-7,
				1,
				34.394,
				-7,
				35.189,
				-3,
				35.983,
				-3
			]
		},
		{
			"Target": "Parameter",
			"Id": "ParamPosX",
			"Segments": [
				0,
				0,
				1,
				1.522,
				0,
				3.044,
				0,
				4.567,
				0,
				1,
				4.761,
				0,
				4.956,
				0.5,
				5.15,
				0.5,
				1,
				5.244,
				0.5,
				5.339,
				0,
				5.433,
				0,
				1,
				15.617,
				0,
				25.8,
				0,
				35.983,
				0
			]
		},
		{
			"Target": "Parameter",
			"Id": "ParamPosY",
			"Segments": [
				0,
				0,
				1,
				1.867,
				0,
				3.733,
				-0.3,
				5.6,
				-0.3,
				1,
				5.689,
				-0.3,
				5.778,
				0.4,
				5.867,
				0.4,
				1,
				5.917,
				0.4,
				5.967,
				-0.4,
				6.017,
				-0.4,
				1,
				6.394,
				-0.4,
				6.772,
				0,
				7.15,
				0,
				1,
				16.761,
				0,
				26.372,
				0,
				35.983,
				0
			]
		},
		{
			"Target": "Parameter",
			"Id": "ParamBreath",
			"Segments": [
				0,
				0,
				1,
				0.394,
				0,
				0.789,
				1,
				1.183,
				1,
				1,
				1.561,
				1,
				1.939,
				0,
				2.317,
				0,
				1,
				2.706,
				0,
				3.094,
				1,
				3.483,
				1,
				1,
				3.872,
				1,
				4.261,
				0,
				4.65,
				0,
				1,
				5.011,
				0,
				5.372,
				0.9,
				5.733,
				0.9,
				1,
				6.039,
				0.9,
				6.344,
				0,
				6.65,
				0,
				1,
				7.044,
				0,
				7.439,
				1,
				7.833,
				1,
				1,
				8.211,
				1,
				8.589,
				0,
				8.967,
				0,
				1,
				9.356,
				0,
				9.744,
				1,
				10.133,
				1,
				1,
				10.522,
				1,
				10.911,
				0,
				11.3,
				0,
				1,
				11.65,
				0,
				12,
				1,
				12.35,
				1,
				1,
				12.733,
				1,
				13.117,
				0,
				13.5,
				0,
				1,
				13.894,
				0,
				14.289,
				1,
				14.683,
				1,
				1,
				15.061,
				1,
				15.439,
				0,
				15.817,
				0,
				1,
				16.206,
				0,
				16.594,
				1,
				16.983,
				1,
				1,
				17.372,
				1,
				17.761,
				0,
				18.15,
				0,
				1,
				18.511,
				0,
				18.872,
				0.9,
				19.233,
				0.9,
				1,
				19.539,
				0.9,
				19.844,
				0,
				20.15,
				0,
				1,
				20.544,
				0,
				20.939,
				1,
				21.333,
				1,
				1,
				21.711,
				1,
				22.089,
				0,
				22.467,
				0,
				1,
				22.856,
				0,
				23.244,
				1,
				23.633,
				1,
				1,
				24.022,
				1,
				24.411,
				0,
				24.8,
				0,
				1,
				25.15,
				0,
				25.5,
				1,
				25.85,
				1,
				1,
				26.261,
				1,
				26.672,
				0,
				27.083,
				0,
				1,
				27.456,
				0,
				27.828,
				1,
				28.2,
				1,
				1,
				28.561,
				1,
				28.922,
				0,
				29.283,
				0,
				1,
				29.65,
				0,
				30.017,
				1,
				30.383,
				1,
				1,
				30.756,
				1,
				31.128,
				0,
				31.5,
				0,
				1,
				31.839,
				0,
				32.178,
				0.9,
				32.517,
				0.9,
				1,
				32.811,
				0.9,
				33.106,
				0,
				33.4,
				0,
				1,
				33.772,
				0,
				34.144,
				1,
				34.517,
				1,
				1,
				34.878,
				1,
				35.239,
				0,
				35.6,
				0,
				1,
				35.728,
				0,
				35.856,
				0,
				35.983,
				0
			]
		},
		{
			"Target": "Parameter",
			"Id": "ParamTail",
			"Segments": [
				0,
				0,
				1,
				0.539,
				0,
				1.078,
				-13,
				1.617,
				-13,
				1,
				1.761,
				-13,
				1.906,
				30,
				2.05,
				30,
				1,
				3.139,
				30,
				4.228,
				-30,
				5.317,
				-30,
				1,
				5.417,
				-30,
				5.517,
				30,
				5.617,
				30,
				1,
				5.756,
				30,
				5.894,
				0,
				6.033,
				0,
				1,
				6.239,
				0,
				6.444,
				0,
				6.65,
				0,
				1,
				6.917,
				0,
				7.183,
				-30,
				7.45,
				-30,
				1,
				7.878,
				-30,
				8.306,
				-28.961,
				8.733,
				-24,
				1,
				8.85,
				-22.647,
				8.967,
				30,
				9.083,
				30,
				1,
				9.222,
				30,
				9.361,
				-22,
				9.5,
				-22,
				1,
				9.617,
				-22,
				9.733,
				17,
				9.85,
				17,
				1,
				10.072,
				17,
				10.294,
				-18,
				10.517,
				-18,
				1,
				10.65,
				-18,
				10.783,
				-8.198,
				10.917,
				0,
				1,
				11.061,
				8.881,
				11.206,
				19.111,
				11.35,
				21,
				1,
				11.894,
				28.121,
				12.439,
				30,
				12.983,
				30,
				1,
				13.133,
				30,
				13.283,
				-30,
				13.433,
				-30,
				1,
				14.722,
				-30,
				16.011,
				-28.081,
				17.3,
				-25,
				1,
				17.506,
				-24.509,
				17.711,
				-24.517,
				17.917,
				-24,
				1,
				18.033,
				-23.707,
				18.15,
				30,
				18.267,
				30,
				1,
				18.406,
				30,
				18.544,
				-22,
				18.683,
				-22,
				1,
				18.8,
				-22,
				18.917,
				17,
				19.033,
				17,
				1,
				19.256,
				17,
				19.478,
				-18,
				19.7,
				-18,
				1,
				19.833,
				-18,
				19.967,
				-12.46,
				20.1,
				0,
				1,
				20.244,
				13.498,
				20.389,
				21,
				20.533,
				21,
				1,
				20.956,
				21,
				21.378,
				20,
				21.8,
				20,
				1,
				22.011,
				20,
				22.222,
				30,
				22.433,
				30,
				1,
				22.806,
				30,
				23.178,
				21.502,
				23.55,
				0,
				1,
				23.589,
				-2.246,
				23.628,
				-30,
				23.667,
				-30,
				1,
				23.878,
				-30,
				24.089,
				30,
				24.3,
				30,
				1,
				24.772,
				30,
				25.244,
				28,
				25.717,
				28,
				1,
				25.961,
				28,
				26.206,
				30,
				26.45,
				30,
				1,
				26.533,
				30,
				26.617,
				-5.638,
				26.7,
				-6,
				1,
				27.072,
				-7.617,
				27.444,
				-8.101,
				27.817,
				-10,
				1,
				28.022,
				-11.049,
				28.228,
				-17,
				28.433,
				-17,
				1,
				28.522,
				-17,
				28.611,
				30,
				28.7,
				30,
				1,
				29.372,
				30,
				30.044,
				22.513,
				30.717,
				0,
				1,
				30.839,
				-4.093,
				30.961,
				-30,
				31.083,
				-30,
				1,
				31.672,
				-30,
				32.261,
				-27.913,
				32.85,
				-18,
				1,
				33.044,
				-14.727,
				33.239,
				23.658,
				33.433,
				25,
				1,
				34.05,
				29.256,
				34.667,
				30,
				35.283,
				30,
				1,
				35.517,
				30,
				35.75,
				0,
				35.983,
				0
			]
		},
		{
			"Target": "Parameter",
			"Id": "ParamLeftLeg1",
			"Segments": [
				0,
				0,
				1,
				0.283,
				0,
				0.567,
				-0.3,
				0.85,
				-0.3,
				1,
				1.178,
				-0.3,
				1.506,
				0.4,
				1.833,
				0.4,
				1,
				2.2,
				0.4,
				2.567,
				0,
				2.933,
				0,
				1,
				3.206,
				0,
				3.478,
				0.6,
				3.75,
				0.6,
				1,
				4.061,
				0.6,
				4.372,
				0,
				4.683,
				0,
				1,
				4.833,
				0,
				4.983,
				0,
				5.133,
				0,
				1,
				5.2,
				0,
				5.267,
				1,
				5.333,
				1,
				1,
				5.461,
				1,
				5.589,
				-0.3,
				5.717,
				-0.3,
				1,
				5.778,
				-0.3,
				5.839,
				-0.185,
				5.9,
				-0.1,
				1,
				6.111,
				0.195,
				6.322,
				0.3,
				6.533,
				0.3,
				1,
				7.222,
				0.3,
				7.911,
				0.1,
				8.6,
				0.1,
				1,
				8.794,
				0.1,
				8.989,
				0.2,
				9.183,
				0.2,
				1,
				9.572,
				0.2,
				9.961,
				0.17,
				10.35,
				0,
				1,
				10.639,
				-0.126,
				10.928,
				-0.3,
				11.217,
				-0.3,
				1,
				11.506,
				-0.3,
				11.794,
				-0.119,
				12.083,
				0.4,
				1,
				12.228,
				0.659,
				12.372,
				0.9,
				12.517,
				0.9,
				1,
				12.889,
				0.9,
				13.261,
				0.664,
				13.633,
				-0.1,
				1,
				13.772,
				-0.385,
				13.911,
				-0.8,
				14.05,
				-0.8,
				1,
				14.256,
				-0.8,
				14.461,
				-0.8,
				14.667,
				-0.8,
				1,
				14.75,
				-0.8,
				14.833,
				-0.759,
				14.917,
				-0.4,
				1,
				15.05,
				0.174,
				15.183,
				0.7,
				15.317,
				0.7,
				1,
				15.422,
				0.7,
				15.528,
				-0.6,
				15.633,
				-0.6,
				1,
				15.844,
				-0.6,
				16.056,
				0.5,
				16.267,
				0.5,
				1,
				16.467,
				0.5,
				16.667,
				0,
				16.867,
				0,
				1,
				17.05,
				0,
				17.233,
				0,
				17.417,
				0,
				1,
				17.733,
				0,
				18.05,
				-0.195,
				18.367,
				-0.2,
				1,
				20.594,
				-0.238,
				22.822,
				-0.257,
				25.05,
				-0.3,
				1,
				25.844,
				-0.315,
				26.639,
				-0.402,
				27.433,
				-0.5,
				1,
				27.889,
				-0.556,
				28.344,
				-1,
				28.8,
				-1,
				1,
				29.311,
				-1,
				29.822,
				0.1,
				30.333,
				0.1,
				1,
				30.55,
				0.1,
				30.767,
				-0.8,
				30.983,
				-0.8,
				1,
				32.1,
				-0.8,
				33.217,
				-0.784,
				34.333,
				-0.6,
				1,
				34.883,
				-0.509,
				35.433,
				0,
				35.983,
				0
			]
		},
		{
			"Target": "Parameter",
			"Id": "ParamRightLeg1",
			"Segments": [
				0,
				0,
				1,
				0.283,
				0,
				0.567,
				-0.4,
				0.85,
				-0.4,
				1,
				1.278,
				-0.4,
				1.706,
				0.2,
				2.133,
				0.2,
				1,
				2.4,
				0.2,
				2.667,
				0.2,
				2.933,
				0,
				1,
				3.206,
				-0.204,
				3.478,
				-0.6,
				3.75,
				-0.6,
				1,
				4.061,
				-0.6,
				4.372,
				0,
				4.683,
				0,
				1,
				4.833,
				0,
				4.983,
				0,
				5.133,
				0,
				1,
				5.2,
				0,
				5.267,
				-1,
				5.333,
				-1,
				1,
				5.461,
				-1,
				5.589,
				0.4,
				5.717,
				0.4,
				1,
				5.778,
				0.4,
				5.839,
				0.246,
				5.9,
				0.2,
				1,
				6.111,
				0.041,
				6.322,
				0,
				6.533,
				0,
				1,
				7.222,
				0,
				7.911,
				0.2,
				8.6,
				0.2,
				1,
				8.794,
				0.2,
				8.989,
				-0.4,
				9.183,
				-0.4,
				1,
				9.572,
				-0.4,
				9.961,
				-0.4,
				10.35,
				-0.4,
				1,
				10.639,
				-0.4,
				10.928,
				0.2,
				11.217,
				0.2,
				1,
				11.506,
				0.2,
				11.794,
				0.2,
				12.083,
				0.2,
				1,
				12.228,
				0.2,
				12.372,
				-0.9,
				12.517,
				-0.9,
				1,
				12.889,
				-0.9,
				13.261,
				0,
				13.633,
				0,
				1,
				13.772,
				0,
				13.911,
				-1,
				14.05,
				-1,
				1,
				14.256,
				-1,
				14.461,
				-0.5,
				14.667,
				-0.5,
				1,
				14.75,
				-0.5,
				14.833,
				-0.6,
				14.917,
				-0.6,
				1,
				15.05,
				-0.6,
				15.183,
				0.3,
				15.317,
				0.3,
				1,
				15.422,
				0.3,
				15.528,
				-0.9,
				15.633,
				-0.9,
				1,
				15.844,
				-0.9,
				16.056,
				0.3,
				16.267,
				0.3,
				1,
				16.467,
				0.3,
				16.667,
				-0.3,
				16.867,
				-0.3,
				1,
				17.05,
				-0.3,
				17.233,
				0,
				17.417,
				0,
				1,
				17.733,
				0,
				18.05,
				-0.357,
				18.367,
				-0.5,
				1,
				19.1,
				-0.832,
				19.833,
				-0.9,
				20.567,
				-0.9,
				1,
				22.061,
				-0.9,
				23.556,
				0.1,
				25.05,
				0.1,
				1,
				25.844,
				0.1,
				26.639,
				-0.4,
				27.433,
				-0.4,
				1,
				28.172,
				-0.4,
				28.911,
				0.7,
				29.65,
				0.7,
				1,
				29.878,
				0.7,
				30.106,
				-0.2,
				30.333,
				-0.2,
				1,
				30.55,
				-0.2,
				30.767,
				0.6,
				30.983,
				0.6,
				1,
				31.733,
				0.6,
				32.483,
				0.478,
				33.233,
				0.3,
				1,
				34.15,
				0.082,
				35.067,
				0,
				35.983,
				0
			]
		},
		{
			"Target": "Parameter",
			"Id": "ParamLeftLeg2",
			"Segments": [
				0,
				0,
				1,
				0.283,
				0,
				0.567,
				-0.077,
				0.85,
				-0.2,
				1,
				1.333,
				-0.409,
				1.817,
				-0.5,
				2.3,
				-0.5,
				1,
				2.783,
				-0.5,
				3.267,
				0.1,
				3.75,
				0.1,
				1,
				4.211,
				0.1,
				4.672,
				0,
				5.133,
				0,
				1,
				5.2,
				0,
				5.267,
				1,
				5.333,
				1,
				1,
				5.461,
				1,
				5.589,
				0.676,
				5.717,
				0,
				1,
				5.778,
				-0.323,
				5.839,
				-0.5,
				5.9,
				-0.5,
				1,
				6.111,
				-0.5,
				6.322,
				-0.117,
				6.533,
				0,
				1,
				7,
				0.259,
				7.467,
				0.3,
				7.933,
				0.3,
				1,
				8.35,
				0.3,
				8.767,
				-0.3,
				9.183,
				-0.3,
				1,
				9.572,
				-0.3,
				9.961,
				-0.225,
				10.35,
				0,
				1,
				10.639,
				0.167,
				10.928,
				0.3,
				11.217,
				0.3,
				1,
				11.556,
				0.3,
				11.894,
				0,
				12.233,
				0,
				1,
				12.589,
				0,
				12.944,
				0.2,
				13.3,
				0.2,
				1,
				13.411,
				0.2,
				13.522,
				0.197,
				13.633,
				0,
				1,
				13.772,
				-0.247,
				13.911,
				-0.6,
				14.05,
				-0.6,
				1,
				14.256,
				-0.6,
				14.461,
				-0.576,
				14.667,
				-0.4,
				1,
				14.75,
				-0.329,
				14.833,
				0.1,
				14.917,
				0.1,
				1,
				15.072,
				0.1,
				15.228,
				-0.2,
				15.383,
				-0.2,
				1,
				15.478,
				-0.2,
				15.572,
				0.2,
				15.667,
				0.2,
				1,
				15.861,
				0.2,
				16.056,
				0,
				16.25,
				0,
				1,
				16.456,
				0,
				16.661,
				0.01,
				16.867,
				0.1,
				1,
				17.05,
				0.18,
				17.233,
				0.448,
				17.417,
				0.5,
				1,
				17.733,
				0.59,
				18.05,
				0.6,
				18.367,
				0.6,
				1,
				18.711,
				0.6,
				19.056,
				0.03,
				19.4,
				-0.3,
				1,
				19.789,
				-0.673,
				20.178,
				-0.7,
				20.567,
				-0.7,
				1,
				21.228,
				-0.7,
				21.889,
				0.1,
				22.55,
				0.1,
				1,
				23.206,
				0.1,
				23.861,
				-0.4,
				24.517,
				-0.4,
				1,
				26.106,
				-0.4,
				27.694,
				0,
				29.283,
				0,
				1,
				29.533,
				0,
				29.783,
				-0.2,
				30.033,
				-0.2,
				1,
				30.172,
				-0.2,
				30.311,
				0.3,
				30.45,
				0.3,
				1,
				30.617,
				0.3,
				30.783,
				-0.265,
				30.95,
				-0.3,
				1,
				31.711,
				-0.46,
				32.472,
				-0.5,
				33.233,
				-0.5,
				1,
				34.15,
				-0.5,
				35.067,
				0,
				35.983,
				0
			]
		},
		{
			"Target": "Parameter",
			"Id": "ParamRightLeg2",
			"Segments": [
				0,
				0,
				1,
				0.283,
				0,
				0.567,
				-0.5,
				0.85,
				-0.5,
				1,
				1.544,
				-0.5,
				2.239,
				0.1,
				2.933,
				0.1,
				1,
				3.317,
				0.1,
				3.7,
				0.009,
				4.083,
				-0.3,
				1,
				4.189,
				-0.385,
				4.294,
				-0.6,
				4.4,
				-0.6,
				1,
				4.644,
				-0.6,
				4.889,
				0,
				5.133,
				0,
				1,
				5.2,
				0,
				5.267,
				-1,
				5.333,
				-1,
				1,
				5.461,
				-1,
				5.589,
				-0.766,
				5.717,
				0,
				1,
				5.778,
				0.366,
				5.839,
				0.8,
				5.9,
				0.8,
				1,
				6.111,
				0.8,
				6.322,
				-0.2,
				6.533,
				-0.2,
				1,
				7,
				-0.2,
				7.467,
				1,
				7.933,
				1,
				1,
				8.35,
				1,
				8.767,
				0.735,
				9.183,
				0.5,
				1,
				9.572,
				0.281,
				9.961,
				0.228,
				10.35,
				0,
				1,
				10.639,
				-0.169,
				10.928,
				-0.5,
				11.217,
				-0.5,
				1,
				12.022,
				-0.5,
				12.828,
				-0.387,
				13.633,
				0,
				1,
				13.978,
				0.166,
				14.322,
				0.4,
				14.667,
				0.4,
				1,
				14.75,
				0.4,
				14.833,
				0.126,
				14.917,
				0.1,
				1,
				15.072,
				0.051,
				15.228,
				0.05,
				15.383,
				0,
				1,
				15.478,
				-0.031,
				15.572,
				-0.3,
				15.667,
				-0.3,
				1,
				15.861,
				-0.3,
				16.056,
				-0.264,
				16.25,
				0,
				1,
				16.456,
				0.279,
				16.661,
				0.6,
				16.867,
				0.6,
				1,
				17.05,
				0.6,
				17.233,
				0.3,
				17.417,
				0.3,
				1,
				17.733,
				0.3,
				18.05,
				0.4,
				18.367,
				0.4,
				1,
				18.711,
				0.4,
				19.056,
				0.417,
				19.4,
				0.3,
				1,
				19.789,
				0.168,
				20.178,
				-0.3,
				20.567,
				-0.3,
				1,
				21.228,
				-0.3,
				21.889,
				-0.168,
				22.55,
				0.1,
				1,
				23.206,
				0.366,
				23.861,
				0.5,
				24.517,
				0.5,
				1,
				26.106,
				0.5,
				27.694,
				0.363,
				29.283,
				0,
				1,
				29.533,
				-0.057,
				29.783,
				-0.2,
				30.033,
				-0.2,
				1,
				30.172,
				-0.2,
				30.311,
				-0.2,
				30.45,
				-0.2,
				1,
				30.617,
				-0.2,
				30.783,
				0.1,
				30.95,
				0.1,
				1,
				31.883,
				0.1,
				32.817,
				0.078,
				33.75,
				0,
				1,
				34.328,
				-0.048,
				34.906,
				-0.1,
				35.483,
				-0.1,
				1,
				35.65,
				-0.1,
				35.817,
				0,
				35.983,
				0
			]
		},
		{
			"Target": "Parameter",
			"Id": "ParamCatEye",
			"Segments": [
				0,
				0,
				1,
				1.789,
				0,
				3.578,
				0,
				5.367,
				0,
				1,
				5.428,
				0,
				5.489,
				1,
				5.55,
				1,
				1,
				5.889,
				1,
				6.228,
				1,
				6.567,
				1,
				1,
				6.65,
				1,
				6.733,
				0,
				6.817,
				0,
				0,
				35.983,
				0
			]
		},
		{
			"Target": "Parameter",
			"Id": "ParamEyeSize",
			"Segments": [
				0,
				1,
				1,
				1.822,
				1,
				3.644,
				0.1,
				5.467,
				0.1,
				1,
				5.556,
				0.1,
				5.644,
				0.143,
				5.733,
				0.4,
				1,
				5.839,
				0.705,
				5.944,
				1,
				6.05,
				1,
				1,
				15.833,
				1,
				25.617,
				0.9,
				35.4,
				0.9,
				0,
				35.983,
				0.9
			]
		},
		{
			"Target": "Parameter",
			"Id": "ParamEyeLOpen",
			"Segments": [
				0,
				0,
				1,
				1.872,
				0,
				3.744,
				0,
				5.617,
				0,
				1,
				5.678,
				0,
				5.739,
				1,
				5.8,
				1,
				1,
				6.044,
				1,
				6.289,
				1,
				6.533,
				1,
				1,
				6.6,
				1,
				6.667,
				0,
				6.733,
				0,
				1,
				6.839,
				0,
				6.944,
				1,
				7.05,
				1,
				1,
				7.206,
				1,
				7.361,
				1.001,
				7.517,
				0.8,
				1,
				7.622,
				0.664,
				7.728,
				0,
				7.833,
				0,
				1,
				8.106,
				0,
				8.378,
				0,
				8.65,
				0,
				1,
				8.822,
				0,
				8.994,
				0.645,
				9.167,
				0.7,
				1,
				9.478,
				0.799,
				9.789,
				0.8,
				10.1,
				0.8,
				1,
				10.139,
				0.8,
				10.178,
				0,
				10.217,
				0,
				1,
				10.233,
				0,
				10.25,
				0,
				10.267,
				0,
				1,
				10.3,
				0,
				10.333,
				1,
				10.367,
				1,
				1,
				10.45,
				1,
				10.533,
				0.985,
				10.617,
				0.8,
				1,
				10.656,
				0.714,
				10.694,
				0,
				10.733,
				0,
				1,
				10.75,
				0,
				10.767,
				0,
				10.783,
				0,
				1,
				10.817,
				0,
				10.85,
				1,
				10.883,
				1,
				1,
				11.728,
				1,
				12.572,
				0.939,
				13.417,
				0.8,
				1,
				13.456,
				0.794,
				13.494,
				0,
				13.533,
				0,
				1,
				13.583,
				0,
				13.633,
				1,
				13.683,
				1,
				1,
				14.317,
				1,
				14.95,
				0.947,
				15.583,
				0.8,
				1,
				15.65,
				0.785,
				15.717,
				0,
				15.783,
				0,
				1,
				15.894,
				0,
				16.006,
				0,
				16.117,
				0,
				1,
				16.911,
				0,
				17.706,
				0,
				18.5,
				0,
				1,
				18.794,
				0,
				19.089,
				0.6,
				19.383,
				0.6,
				1,
				19.628,
				0.6,
				19.872,
				0.4,
				20.117,
				0.4,
				1,
				20.522,
				0.4,
				20.928,
				0.421,
				21.333,
				0.5,
				1,
				21.45,
				0.523,
				21.567,
				0.6,
				21.683,
				0.6,
				1,
				21.9,
				0.6,
				22.117,
				0.6,
				22.333,
				0.6,
				1,
				22.561,
				0.6,
				22.789,
				0.6,
				23.017,
				0.6,
				1,
				23.056,
				0.6,
				23.094,
				0,
				23.133,
				0,
				1,
				23.15,
				0,
				23.167,
				0,
				23.183,
				0,
				1,
				23.239,
				0,
				23.294,
				0.6,
				23.35,
				0.6,
				1,
				23.506,
				0.6,
				23.661,
				0.6,
				23.817,
				0.6,
				1,
				24.072,
				0.6,
				24.328,
				1,
				24.583,
				1,
				1,
				24.983,
				1,
				25.383,
				0.946,
				25.783,
				0.8,
				1,
				25.822,
				0.786,
				25.861,
				0,
				25.9,
				0,
				1,
				25.917,
				0,
				25.933,
				0,
				25.95,
				0,
				1,
				26.017,
				0,
				26.083,
				1,
				26.15,
				1,
				1,
				26.272,
				1,
				26.394,
				0.971,
				26.517,
				0.8,
				1,
				26.556,
				0.745,
				26.594,
				0,
				26.633,
				0,
				1,
				26.65,
				0,
				26.667,
				0,
				26.683,
				0,
				1,
				26.75,
				0,
				26.817,
				1,
				26.883,
				1,
				1,
				27.617,
				1,
				28.35,
				0.8,
				29.083,
				0.8,
				1,
				29.233,
				0.8,
				29.383,
				0.8,
				29.533,
				0.8,
				1,
				29.572,
				0.8,
				29.611,
				0,
				29.65,
				0,
				1,
				29.667,
				0,
				29.683,
				0,
				29.7,
				0,
				1,
				29.767,
				0,
				29.833,
				1,
				29.9,
				1,
				1,
				30.139,
				1,
				30.378,
				1,
				30.617,
				1,
				1,
				30.739,
				1,
				30.861,
				0,
				30.983,
				0,
				1,
				31.378,
				0,
				31.772,
				0,
				32.167,
				0,
				1,
				32.261,
				0,
				32.356,
				1,
				32.45,
				1,
				1,
				33.072,
				1,
				33.694,
				0.942,
				34.317,
				0.8,
				1,
				34.356,
				0.791,
				34.394,
				0,
				34.433,
				0,
				1,
				34.45,
				0,
				34.467,
				0,
				34.483,
				0,
				1,
				34.55,
				0,
				34.617,
				1,
				34.683,
				1,
				1,
				34.922,
				1,
				35.161,
				1.013,
				35.4,
				0.9,
				1,
				35.594,
				0.808,
				35.789,
				0,
				35.983,
				0
			]
		},
		{
			"Target": "Parameter",
			"Id": "ParamEyeLSmile",
			"Segments": [
				0,
				0,
				0,
				2.35,
				0,
				1,
				2.622,
				0,
				2.894,
				1,
				3.167,
				1,
				1,
				3.539,
				1,
				3.911,
				0,
				4.283,
				0,
				1,
				5.4,
				0,
				6.517,
				0.027,
				7.633,
				0.1,
				1,
				7.733,
				0.106,
				7.833,
				1,
				7.933,
				1,
				1,
				8.522,
				1,
				9.111,
				1,
				9.7,
				1,
				1,
				9.744,
				1,
				9.789,
				0,
				9.833,
				0,
				1,
				11.822,
				0,
				13.811,
				0,
				15.8,
				0,
				1,
				15.994,
				0,
				16.189,
				1,
				16.383,
				1,
				1,
				18.55,
				1,
				20.717,
				1,
				22.883,
				1,
				1,
				22.928,
				1,
				22.972,
				0,
				23.017,
				0,
				1,
				23.456,
				0,
				23.894,
				1,
				24.333,
				1,
				1,
				24.783,
				1,
				25.233,
				1,
				25.683,
				1,
				1,
				25.728,
				1,
				25.772,
				0,
				25.817,
				0,
				1,
				27.272,
				0,
				28.728,
				0,
				30.183,
				0,
				1,
				30.328,
				0,
				30.472,
				1,
				30.617,
				1,
				1,
				31.133,
				1,
				31.65,
				0.9,
				32.167,
				0.9,
				1,
				32.3,
				0.9,
				32.433,
				1,
				32.567,
				1,
				1,
				33.511,
				1,
				34.456,
				1,
				35.4,
				1,
				1,
				35.594,
				1,
				35.789,
				0,
				35.983,
				0
			]
		},
		{
			"Target": "Parameter",
			"Id": "ParamEyeROpen",
			"Segments": [
				0,
				0,
				1,
				1.872,
				0,
				3.744,
				0,
				5.617,
				0,
				1,
				5.678,
				0,
				5.739,
				1,
				5.8,
				1,
				1,
				6.044,
				1,
				6.289,
				1,
				6.533,
				1,
				1,
				6.6,
				1,
				6.667,
				0,
				6.733,
				0,
				1,
				6.839,
				0,
				6.944,
				1,
				7.05,
				1,
				1,
				7.206,
				1,
				7.361,
				1.001,
				7.517,
				0.8,
				1,
				7.622,
				0.664,
				7.728,
				0,
				7.833,
				0,
				1,
				8.106,
				0,
				8.378,
				0,
				8.65,
				0,
				1,
				8.822,
				0,
				8.994,
				0.645,
				9.167,
				0.7,
				1,
				9.478,
				0.799,
				9.789,
				0.8,
				10.1,
				0.8,
				1,
				10.139,
				0.8,
				10.178,
				0,
				10.217,
				0,
				1,
				10.233,
				0,
				10.25,
				0,
				10.267,
				0,
				1,
				10.3,
				0,
				10.333,
				1,
				10.367,
				1,
				1,
				10.45,
				1,
				10.533,
				0.985,
				10.617,
				0.8,
				1,
				10.656,
				0.714,
				10.694,
				0,
				10.733,
				0,
				1,
				10.75,
				0,
				10.767,
				0,
				10.783,
				0,
				1,
				10.817,
				0,
				10.85,
				1,
				10.883,
				1,
				1,
				11.728,
				1,
				12.572,
				0.939,
				13.417,
				0.8,
				1,
				13.456,
				0.794,
				13.494,
				0,
				13.533,
				0,
				1,
				13.583,
				0,
				13.633,
				1,
				13.683,
				1,
				1,
				14.317,
				1,
				14.95,
				0.947,
				15.583,
				0.8,
				1,
				15.65,
				0.785,
				15.717,
				0,
				15.783,
				0,
				1,
				15.894,
				0,
				16.006,
				0,
				16.117,
				0,
				1,
				16.911,
				0,
				17.706,
				0,
				18.5,
				0,
				1,
				18.794,
				0,
				19.089,
				0.6,
				19.383,
				0.6,
				1,
				19.628,
				0.6,
				19.872,
				0.4,
				20.117,
				0.4,
				1,
				20.522,
				0.4,
				20.928,
				0.421,
				21.333,
				0.5,
				1,
				21.45,
				0.523,
				21.567,
				0.6,
				21.683,
				0.6,
				1,
				21.9,
				0.6,
				22.117,
				0.6,
				22.333,
				0.6,
				1,
				22.561,
				0.6,
				22.789,
				0.6,
				23.017,
				0.6,
				1,
				23.056,
				0.6,
				23.094,
				0,
				23.133,
				0,
				1,
				23.15,
				0,
				23.167,
				0,
				23.183,
				0,
				1,
				23.239,
				0,
				23.294,
				0.6,
				23.35,
				0.6,
				1,
				23.506,
				0.6,
				23.661,
				0.6,
				23.817,
				0.6,
				1,
				24.072,
				0.6,
				24.328,
				1,
				24.583,
				1,
				1,
				24.983,
				1,
				25.383,
				0.946,
				25.783,
				0.8,
				1,
				25.822,
				0.786,
				25.861,
				0,
				25.9,
				0,
				1,
				25.917,
				0,
				25.933,
				0,
				25.95,
				0,
				1,
				26.017,
				0,
				26.083,
				1,
				26.15,
				1,
				1,
				26.272,
				1,
				26.394,
				0.971,
				26.517,
				0.8,
				1,
				26.556,
				0.745,
				26.594,
				0,
				26.633,
				0,
				1,
				26.65,
				0,
				26.667,
				0,
				26.683,
				0,
				1,
				26.75,
				0,
				26.817,
				1,
				26.883,
				1,
				1,
				27.617,
				1,
				28.35,
				0.8,
				29.083,
				0.8,
				1,
				29.233,
				0.8,
				29.383,
				0.8,
				29.533,
				0.8,
				1,
				29.572,
				0.8,
				29.611,
				0,
				29.65,
				0,
				1,
				29.667,
				0,
				29.683,
				0,
				29.7,
				0,
				1,
				29.767,
				0,
				29.833,
				1,
				29.9,
				1,
				1,
				30.139,
				1,
				30.378,
				1,
				30.617,
				1,
				1,
				30.739,
				1,
				30.861,
				0,
				30.983,
				0,
				1,
				31.378,
				0,
				31.772,
				0,
				32.167,
				0,
				1,
				32.261,
				0,
				32.356,
				1,
				32.45,
				1,
				1,
				33.072,
				1,
				33.694,
				0.942,
				34.317,
				0.8,
				1,
				34.356,
				0.791,
				34.394,
				0,
				34.433,
				0,
				1,
				34.45,
				0,
				34.467,
				0,
				34.483,
				0,
				1,
				34.55,
				0,
				34.617,
				1,
				34.683,
				1,
				1,
				34.922,
				1,
				35.161,
				1,
				35.4,
				1,
				1,
				35.594,
				1,
				35.789,
				0,
				35.983,
				0
			]
		},
		{
			"Target": "Parameter",
			"Id": "ParamEyeRSmile",
			"Segments": [
				0,
				0,
				0,
				2.35,
				0,
				1,
				2.622,
				0,
				2.894,
				1,
				3.167,
				1,
				1,
				3.539,
				1,
				3.911,
				0,
				4.283,
				0,
				1,
				5.4,
				0,
				6.517,
				0.027,
				7.633,
				0.1,
				1,
				7.733,
				0.106,
				7.833,
				1,
				7.933,
				1,
				1,
				8.522,
				1,
				9.111,
				1,
				9.7,
				1,
				1,
				9.744,
				1,
				9.789,
				0,
				9.833,
				0,
				1,
				11.822,
				0,
				13.811,
				0,
				15.8,
				0,
				1,
				15.994,
				0,
				16.189,
				1,
				16.383,
				1,
				1,
				18.55,
				1,
				20.717,
				1,
				22.883,
				1,
				1,
				22.928,
				1,
				22.972,
				0,
				23.017,
				0,
				1,
				23.456,
				0,
				23.894,
				1,
				24.333,
				1,
				1,
				24.783,
				1,
				25.233,
				1,
				25.683,
				1,
				1,
				25.728,
				1,
				25.772,
				0,
				25.817,
				0,
				1,
				27.272,
				0,
				28.728,
				0,
				30.183,
				0,
				1,
				30.328,
				0,
				30.472,
				1,
				30.617,
				1,
				1,
				31.133,
				1,
				31.65,
				0.9,
				32.167,
				0.9,
				1,
				32.3,
				0.9,
				32.433,
				1,
				32.567,
				1,
				1,
				33.511,
				1,
				34.456,
				1,
				35.4,
				1,
				1,
				35.594,
				1,
				35.789,
				0,
				35.983,
				0
			]
		},
		{
			"Target": "Parameter",
			"Id": "ParamEyeBallX",
			"Segments": [
				0,
				0,
				1,
				1.883,
				0,
				3.767,
				0,
				5.65,
				0,
				1,
				5.789,
				0,
				5.928,
				0.4,
				6.067,
				0.4,
				1,
				6.55,
				0.4,
				7.033,
				-0.3,
				7.517,
				-0.3,
				1,
				7.917,
				-0.3,
				8.317,
				-0.24,
				8.717,
				-0.1,
				1,
				9.267,
				0.093,
				9.817,
				0.2,
				10.367,
				0.2,
				1,
				10.839,
				0.2,
				11.311,
				0,
				11.783,
				0,
				1,
				11.933,
				0,
				12.083,
				0.7,
				12.233,
				0.7,
				1,
				12.361,
				0.7,
				12.489,
				0.66,
				12.617,
				0.3,
				1,
				12.733,
				-0.029,
				12.85,
				-0.5,
				12.967,
				-0.5,
				1,
				13.156,
				-0.5,
				13.344,
				-0.1,
				13.533,
				-0.1,
				1,
				13.606,
				-0.1,
				13.678,
				-0.5,
				13.75,
				-0.5,
				1,
				13.867,
				-0.5,
				13.983,
				0.4,
				14.1,
				0.4,
				1,
				14.322,
				0.4,
				14.544,
				0.208,
				14.767,
				0.1,
				1,
				14.972,
				0,
				15.178,
				0,
				15.383,
				0,
				1,
				15.489,
				0,
				15.594,
				0.193,
				15.7,
				0.2,
				1,
				16.822,
				0.273,
				17.944,
				0.3,
				19.067,
				0.3,
				1,
				19.256,
				0.3,
				19.444,
				-0.3,
				19.633,
				-0.3,
				1,
				19.722,
				-0.3,
				19.811,
				0,
				19.9,
				0,
				1,
				20.183,
				0,
				20.467,
				0,
				20.75,
				0,
				1,
				20.85,
				0,
				20.95,
				0,
				21.05,
				0,
				1,
				21.433,
				0,
				21.817,
				-0.2,
				22.2,
				-0.2,
				1,
				22.533,
				-0.2,
				22.867,
				0.1,
				23.2,
				0.1,
				1,
				23.594,
				0.1,
				23.989,
				-0.2,
				24.383,
				-0.2,
				1,
				24.494,
				-0.2,
				24.606,
				0.6,
				24.717,
				0.6,
				1,
				25.022,
				0.6,
				25.328,
				0.365,
				25.633,
				0.2,
				1,
				25.967,
				0.02,
				26.3,
				0,
				26.633,
				0,
				1,
				26.706,
				0,
				26.778,
				0.5,
				26.85,
				0.5,
				1,
				27,
				0.5,
				27.15,
				0,
				27.3,
				0,
				1,
				27.439,
				0,
				27.578,
				0.5,
				27.717,
				0.5,
				1,
				27.85,
				0.5,
				27.983,
				0.503,
				28.117,
				0.3,
				1,
				28.222,
				0.14,
				28.328,
				-0.4,
				28.433,
				-0.4,
				1,
				28.633,
				-0.4,
				28.833,
				0.6,
				29.033,
				0.6,
				1,
				29.311,
				0.6,
				29.589,
				-0.1,
				29.867,
				-0.1,
				1,
				30.072,
				-0.1,
				30.278,
				-0.1,
				30.483,
				-0.1,
				1,
				30.689,
				-0.1,
				30.894,
				-0.4,
				31.1,
				-0.4,
				1,
				31.55,
				-0.4,
				32,
				-0.38,
				32.45,
				-0.2,
				1,
				32.7,
				-0.1,
				32.95,
				0.2,
				33.2,
				0.2,
				1,
				33.506,
				0.2,
				33.811,
				0.2,
				34.117,
				0.2,
				1,
				34.739,
				0.2,
				35.361,
				0,
				35.983,
				0
			]
		},
		{
			"Target": "Parameter",
			"Id": "ParamEyeBallY",
			"Segments": [
				0,
				0,
				1,
				1.883,
				0,
				3.767,
				0,
				5.65,
				0,
				1,
				5.789,
				0,
				5.928,
				0.1,
				6.067,
				0.1,
				1,
				6.55,
				0.1,
				7.033,
				0.003,
				7.517,
				-0.1,
				1,
				7.917,
				-0.185,
				8.317,
				-0.2,
				8.717,
				-0.2,
				1,
				9.267,
				-0.2,
				9.817,
				-0.2,
				10.367,
				-0.2,
				1,
				10.839,
				-0.2,
				11.311,
				-0.16,
				11.783,
				0,
				1,
				11.933,
				0.051,
				12.083,
				0.2,
				12.233,
				0.2,
				1,
				12.361,
				0.2,
				12.489,
				-0.3,
				12.617,
				-0.3,
				1,
				12.733,
				-0.3,
				12.85,
				0,
				12.967,
				0,
				1,
				13.156,
				0,
				13.344,
				-0.1,
				13.533,
				-0.1,
				1,
				13.606,
				-0.1,
				13.678,
				0.1,
				13.75,
				0.1,
				1,
				13.867,
				0.1,
				13.983,
				0.038,
				14.1,
				-0.1,
				1,
				14.322,
				-0.362,
				14.544,
				-0.5,
				14.767,
				-0.5,
				1,
				14.972,
				-0.5,
				15.178,
				0,
				15.383,
				0,
				1,
				15.489,
				0,
				15.594,
				-0.5,
				15.7,
				-0.5,
				1,
				16.822,
				-0.5,
				17.944,
				-0.5,
				19.067,
				-0.5,
				1,
				19.256,
				-0.5,
				19.444,
				-0.488,
				19.633,
				-0.4,
				1,
				19.722,
				-0.358,
				19.811,
				-0.05,
				19.9,
				0,
				1,
				20.183,
				0.159,
				20.467,
				0.2,
				20.75,
				0.2,
				1,
				20.85,
				0.2,
				20.95,
				0,
				21.05,
				0,
				1,
				21.433,
				0,
				21.817,
				0,
				22.2,
				0,
				1,
				22.533,
				0,
				22.867,
				-0.049,
				23.2,
				-0.2,
				1,
				23.594,
				-0.378,
				23.989,
				-0.5,
				24.383,
				-0.5,
				1,
				24.494,
				-0.5,
				24.606,
				0,
				24.717,
				0,
				1,
				25.022,
				0,
				25.328,
				0,
				25.633,
				0,
				1,
				25.967,
				0,
				26.3,
				-0.2,
				26.633,
				-0.2,
				1,
				26.706,
				-0.2,
				26.778,
				0.3,
				26.85,
				0.3,
				1,
				27,
				0.3,
				27.15,
				0,
				27.3,
				0,
				1,
				27.439,
				0,
				27.578,
				0.1,
				27.717,
				0.1,
				1,
				27.85,
				0.1,
				27.983,
				0.1,
				28.117,
				0.1,
				1,
				28.222,
				0.1,
				28.328,
				-0.1,
				28.433,
				-0.1,
				1,
				28.633,
				-0.1,
				28.833,
				-0.1,
				29.033,
				-0.1,
				1,
				29.311,
				-0.1,
				29.589,
				-0.1,
				29.867,
				-0.1,
				1,
				30.072,
				-0.1,
				30.278,
				0,
				30.483,
				0,
				1,
				30.689,
				0,
				30.894,
				-0.4,
				31.1,
				-0.4,
				1,
				31.55,
				-0.4,
				32,
				-0.386,
				32.45,
				-0.3,
				1,
				32.7,
				-0.252,
				32.95,
				-0.105,
				33.2,
				0,
				1,
				33.506,
				0.128,
				33.811,
				0.2,
				34.117,
				0.2,
				1,
				34.739,
				0.2,
				35.361,
				0,
				35.983,
				0
			]
		},
		{
			"Target": "Parameter",
			"Id": "ParamBrowLY",
			"Segments": [
				0,
				0,
				1,
				0.317,
				0,
				0.633,
				-0.4,
				0.95,
				-0.4,
				1,
				2.089,
				-0.4,
				3.228,
				-0.4,
				4.367,
				-0.4,
				1,
				4.572,
				-0.4,
				4.778,
				-0.5,
				4.983,
				-0.5,
				1,
				5.106,
				-0.5,
				5.228,
				-0.371,
				5.35,
				-0.2,
				1,
				5.411,
				-0.114,
				5.472,
				-0.075,
				5.533,
				0,
				1,
				5.633,
				0.123,
				5.733,
				0.2,
				5.833,
				0.2,
				1,
				6.233,
				0.2,
				6.633,
				0.182,
				7.033,
				0,
				1,
				7.3,
				-0.121,
				7.567,
				-0.4,
				7.833,
				-0.4,
				1,
				8.289,
				-0.4,
				8.744,
				0,
				9.2,
				0,
				1,
				9.939,
				0,
				10.678,
				0,
				11.417,
				0,
				1,
				11.661,
				0,
				11.906,
				-0.02,
				12.15,
				-0.1,
				1,
				12.25,
				-0.133,
				12.35,
				-0.2,
				12.45,
				-0.2,
				1,
				12.8,
				-0.2,
				13.15,
				0.1,
				13.5,
				0.1,
				1,
				13.672,
				0.1,
				13.844,
				-0.5,
				14.017,
				-0.5,
				1,
				14.544,
				-0.5,
				15.072,
				0.3,
				15.6,
				0.3,
				1,
				15.789,
				0.3,
				15.978,
				0.094,
				16.167,
				0,
				1,
				16.289,
				-0.061,
				16.411,
				-0.062,
				16.533,
				-0.1,
				1,
				16.939,
				-0.227,
				17.344,
				-0.3,
				17.75,
				-0.3,
				1,
				18.05,
				-0.3,
				18.35,
				-0.196,
				18.65,
				0,
				1,
				18.861,
				0.138,
				19.072,
				0.2,
				19.283,
				0.2,
				1,
				19.528,
				0.2,
				19.772,
				0.011,
				20.017,
				0,
				1,
				20.967,
				-0.041,
				21.917,
				-0.047,
				22.867,
				-0.1,
				1,
				24.322,
				-0.181,
				25.778,
				-0.3,
				27.233,
				-0.3,
				1,
				27.383,
				-0.3,
				27.533,
				-0.043,
				27.683,
				0,
				1,
				28,
				0.091,
				28.317,
				0.1,
				28.633,
				0.1,
				1,
				29.061,
				0.1,
				29.489,
				0,
				29.917,
				0,
				1,
				30.083,
				0,
				30.25,
				0.2,
				30.417,
				0.2,
				1,
				30.683,
				0.2,
				30.95,
				-0.313,
				31.217,
				-0.4,
				1,
				31.55,
				-0.508,
				31.883,
				-0.5,
				32.217,
				-0.5,
				1,
				32.317,
				-0.5,
				32.417,
				0.2,
				32.517,
				0.2,
				1,
				32.689,
				0.2,
				32.861,
				0.018,
				33.033,
				-0.014,
				1,
				33.444,
				-0.09,
				33.856,
				-0.1,
				34.267,
				-0.1,
				1,
				34.594,
				-0.1,
				34.922,
				0.1,
				35.25,
				0.1,
				1,
				35.494,
				0.1,
				35.739,
				0,
				35.983,
				0
			]
		},
		{
			"Target": "Parameter",
			"Id": "ParamBrowRY",
			"Segments": [
				0,
				0,
				1,
				0.317,
				0,
				0.633,
				-0.377,
				0.95,
				-0.4,
				1,
				2.089,
				-0.484,
				3.228,
				-0.5,
				4.367,
				-0.5,
				1,
				4.572,
				-0.5,
				4.778,
				-0.5,
				4.983,
				-0.5,
				1,
				5.106,
				-0.5,
				5.228,
				-0.371,
				5.35,
				-0.2,
				1,
				5.411,
				-0.114,
				5.472,
				-0.075,
				5.533,
				0,
				1,
				5.633,
				0.123,
				5.733,
				0.2,
				5.833,
				0.2,
				1,
				6.233,
				0.2,
				6.633,
				0.182,
				7.033,
				0,
				1,
				7.3,
				-0.121,
				7.567,
				-0.4,
				7.833,
				-0.4,
				1,
				8.289,
				-0.4,
				8.744,
				0.1,
				9.2,
				0.1,
				1,
				9.939,
				0.1,
				10.678,
				0.084,
				11.417,
				0,
				1,
				11.661,
				-0.028,
				11.906,
				-0.2,
				12.15,
				-0.2,
				1,
				12.25,
				-0.2,
				12.35,
				-0.2,
				12.45,
				-0.2,
				1,
				12.8,
				-0.2,
				13.15,
				0.1,
				13.5,
				0.1,
				1,
				13.672,
				0.1,
				13.844,
				-0.5,
				14.017,
				-0.5,
				1,
				14.544,
				-0.5,
				15.072,
				0.3,
				15.6,
				0.3,
				1,
				15.789,
				0.3,
				15.978,
				0.146,
				16.167,
				0,
				1,
				16.289,
				-0.094,
				16.411,
				-0.176,
				16.533,
				-0.2,
				1,
				16.939,
				-0.28,
				17.344,
				-0.3,
				17.75,
				-0.3,
				1,
				18.05,
				-0.3,
				18.35,
				-0.196,
				18.65,
				0,
				1,
				18.861,
				0.138,
				19.072,
				0.2,
				19.283,
				0.2,
				1,
				19.528,
				0.2,
				19.772,
				0.011,
				20.017,
				0,
				1,
				20.967,
				-0.041,
				21.917,
				-0.061,
				22.867,
				-0.1,
				1,
				24.322,
				-0.159,
				25.778,
				-0.2,
				27.233,
				-0.2,
				1,
				27.383,
				-0.2,
				27.533,
				-0.042,
				27.683,
				0,
				1,
				28,
				0.088,
				28.317,
				0.1,
				28.633,
				0.1,
				1,
				29.061,
				0.1,
				29.489,
				0,
				29.917,
				0,
				1,
				30.083,
				0,
				30.25,
				0.2,
				30.417,
				0.2,
				1,
				30.683,
				0.2,
				30.95,
				-0.313,
				31.217,
				-0.4,
				1,
				31.55,
				-0.508,
				31.883,
				-0.5,
				32.217,
				-0.5,
				1,
				32.317,
				-0.5,
				32.417,
				0.2,
				32.517,
				0.2,
				1,
				32.711,
				0.2,
				32.906,
				0.044,
				33.1,
				0,
				1,
				33.489,
				-0.089,
				33.878,
				-0.1,
				34.267,
				-0.1,
				1,
				34.594,
				-0.1,
				34.922,
				0.1,
				35.25,
				0.1,
				1,
				35.494,
				0.1,
				35.739,
				0,
				35.983,
				0
			]
		},
		{
			"Target": "Parameter",
			"Id": "ParamBrowLAngle",
			"Segments": [
				0,
				0,
				1,
				0.317,
				0,
				0.633,
				0.2,
				0.95,
				0.2,
				1,
				2.417,
				0.2,
				3.883,
				0,
				5.35,
				0,
				1,
				5.411,
				0,
				5.472,
				-0.005,
				5.533,
				0.1,
				1,
				5.633,
				0.272,
				5.733,
				0.5,
				5.833,
				0.5,
				1,
				6.233,
				0.5,
				6.633,
				0,
				7.033,
				0,
				1,
				7.3,
				0,
				7.567,
				0.2,
				7.833,
				0.2,
				1,
				8.289,
				0.2,
				8.744,
				0,
				9.2,
				0,
				1,
				9.939,
				0,
				10.678,
				0,
				11.417,
				0,
				1,
				11.661,
				0,
				11.906,
				-0.7,
				12.15,
				-0.7,
				1,
				12.25,
				-0.7,
				12.35,
				0,
				12.45,
				0,
				1,
				12.972,
				0,
				13.494,
				-1,
				14.017,
				-1,
				1,
				14.544,
				-1,
				15.072,
				0,
				15.6,
				0,
				1,
				15.789,
				0,
				15.978,
				0,
				16.167,
				0,
				1,
				17.45,
				0,
				18.733,
				-0.1,
				20.017,
				-0.1,
				1,
				20.967,
				-0.1,
				21.917,
				0,
				22.867,
				0,
				1,
				24.322,
				0,
				25.778,
				-0.1,
				27.233,
				-0.1,
				1,
				27.383,
				-0.1,
				27.533,
				-0.038,
				27.683,
				0,
				1,
				28,
				0.08,
				28.317,
				0.1,
				28.633,
				0.1,
				1,
				29.061,
				0.1,
				29.489,
				0,
				29.917,
				0,
				1,
				30.083,
				0,
				30.25,
				0.268,
				30.417,
				0.3,
				1,
				30.683,
				0.351,
				30.95,
				0.358,
				31.217,
				0.4,
				1,
				31.55,
				0.453,
				31.883,
				0.5,
				32.217,
				0.5,
				1,
				32.317,
				0.5,
				32.417,
				0.288,
				32.517,
				0.2,
				1,
				32.711,
				0.028,
				32.906,
				0,
				33.1,
				0,
				1,
				33.489,
				0,
				33.878,
				0.3,
				34.267,
				0.3,
				1,
				34.594,
				0.3,
				34.922,
				0.21,
				35.25,
				0.1,
				1,
				35.494,
				0.018,
				35.739,
				0,
				35.983,
				0
			]
		},
		{
			"Target": "Parameter",
			"Id": "ParamBrowRAngle",
			"Segments": [
				0,
				0,
				1,
				0.317,
				0,
				0.633,
				0.2,
				0.95,
				0.2,
				1,
				2.417,
				0.2,
				3.883,
				0,
				5.35,
				0,
				1,
				5.411,
				0,
				5.472,
				-0.005,
				5.533,
				0.1,
				1,
				5.633,
				0.272,
				5.733,
				0.5,
				5.833,
				0.5,
				1,
				6.233,
				0.5,
				6.633,
				0,
				7.033,
				0,
				1,
				7.3,
				0,
				7.567,
				0.2,
				7.833,
				0.2,
				1,
				8.289,
				0.2,
				8.744,
				0,
				9.2,
				0,
				1,
				9.939,
				0,
				10.678,
				0,
				11.417,
				0,
				1,
				11.661,
				0,
				11.906,
				-0.7,
				12.15,
				-0.7,
				1,
				12.25,
				-0.7,
				12.35,
				0,
				12.45,
				0,
				1,
				12.972,
				0,
				13.494,
				-1,
				14.017,
				-1,
				1,
				14.544,
				-1,
				15.072,
				0,
				15.6,
				0,
				1,
				15.789,
				0,
				15.978,
				0,
				16.167,
				0,
				1,
				17.45,
				0,
				18.733,
				-0.1,
				20.017,
				-0.1,
				1,
				20.967,
				-0.1,
				21.917,
				0,
				22.867,
				0,
				1,
				24.322,
				0,
				25.778,
				-0.1,
				27.233,
				-0.1,
				1,
				27.383,
				-0.1,
				27.533,
				-0.038,
				27.683,
				0,
				1,
				28,
				0.08,
				28.317,
				0.1,
				28.633,
				0.1,
				1,
				29.061,
				0.1,
				29.489,
				0,
				29.917,
				0,
				1,
				30.083,
				0,
				30.25,
				0.268,
				30.417,
				0.3,
				1,
				30.683,
				0.351,
				30.95,
				0.358,
				31.217,
				0.4,
				1,
				31.55,
				0.453,
				31.883,
				0.5,
				32.217,
				0.5,
				1,
				32.317,
				0.5,
				32.417,
				0.288,
				32.517,
				0.2,
				1,
				32.711,
				0.028,
				32.906,
				0,
				33.1,
				0,
				1,
				33.489,
				0,
				33.878,
				0.3,
				34.267,
				0.3,
				1,
				34.839,
				0.3,
				35.411,
				0,
				35.983,
				0
			]
		},
		{
			"Target": "Parameter",
			"Id": "ParamBrowLForm",
			"Segments": [
				0,
				0,
				1,
				0.528,
				0,
				1.056,
				-0.5,
				1.583,
				-0.5,
				1,
				2.717,
				-0.5,
				3.85,
				0.5,
				4.983,
				0.5,
				1,
				5.106,
				0.5,
				5.228,
				0,
				5.35,
				0,
				1,
				5.411,
				0,
				5.472,
				-0.035,
				5.533,
				0.1,
				1,
				5.633,
				0.322,
				5.733,
				1,
				5.833,
				1,
				1,
				6.233,
				1,
				6.633,
				0.744,
				7.033,
				0,
				1,
				7.3,
				-0.496,
				7.567,
				-0.9,
				7.833,
				-0.9,
				1,
				8.289,
				-0.9,
				8.744,
				-0.515,
				9.2,
				-0.4,
				1,
				9.939,
				-0.213,
				10.678,
				-0.17,
				11.417,
				0,
				1,
				11.661,
				0.056,
				11.906,
				0.5,
				12.15,
				0.5,
				1,
				12.25,
				0.5,
				12.35,
				-1,
				12.45,
				-1,
				1,
				12.8,
				-1,
				13.15,
				0,
				13.5,
				0,
				1,
				14.05,
				0,
				14.6,
				-0.3,
				15.15,
				-0.3,
				1,
				15.3,
				-0.3,
				15.45,
				0,
				15.6,
				0,
				1,
				15.789,
				0,
				15.978,
				0,
				16.167,
				0,
				1,
				16.289,
				0,
				16.411,
				0.7,
				16.533,
				0.7,
				1,
				17.072,
				0.7,
				17.611,
				0.366,
				18.15,
				0,
				1,
				18.317,
				-0.113,
				18.483,
				-0.1,
				18.65,
				-0.1,
				1,
				18.861,
				-0.1,
				19.072,
				0.3,
				19.283,
				0.3,
				1,
				19.528,
				0.3,
				19.772,
				0.224,
				20.017,
				0,
				1,
				20.122,
				-0.097,
				20.228,
				-0.2,
				20.333,
				-0.2,
				1,
				21.178,
				-0.2,
				22.022,
				-0.122,
				22.867,
				0,
				1,
				24.322,
				0.21,
				25.778,
				0.3,
				27.233,
				0.3,
				1,
				27.383,
				0.3,
				27.533,
				0,
				27.683,
				0,
				1,
				28,
				0,
				28.317,
				0.1,
				28.633,
				0.1,
				1,
				28.806,
				0.1,
				28.978,
				-0.9,
				29.15,
				-0.9,
				1,
				29.406,
				-0.9,
				29.661,
				-0.561,
				29.917,
				0,
				1,
				30.083,
				0.366,
				30.25,
				0.5,
				30.417,
				0.5,
				1,
				30.683,
				0.5,
				30.95,
				-0.808,
				31.217,
				-0.9,
				1,
				31.55,
				-1.015,
				31.883,
				-1,
				32.217,
				-1,
				1,
				32.317,
				-1,
				32.417,
				-0.925,
				32.517,
				-0.7,
				1,
				32.711,
				-0.263,
				32.906,
				0,
				33.1,
				0,
				1,
				33.489,
				0,
				33.878,
				-0.009,
				34.267,
				-0.1,
				1,
				34.594,
				-0.176,
				34.922,
				-0.3,
				35.25,
				-0.3,
				1,
				35.494,
				-0.3,
				35.739,
				0,
				35.983,
				0
			]
		},
		{
			"Target": "Parameter",
			"Id": "ParamBrowRForm",
			"Segments": [
				0,
				0,
				1,
				0.528,
				0,
				1.056,
				-0.5,
				1.583,
				-0.5,
				1,
				2.717,
				-0.5,
				3.85,
				0.4,
				4.983,
				0.4,
				1,
				5.106,
				0.4,
				5.228,
				0,
				5.35,
				0,
				1,
				5.411,
				0,
				5.472,
				-0.035,
				5.533,
				0.1,
				1,
				5.633,
				0.322,
				5.733,
				1,
				5.833,
				1,
				1,
				6.233,
				1,
				6.633,
				0.714,
				7.033,
				0,
				1,
				7.3,
				-0.476,
				7.567,
				-0.8,
				7.833,
				-0.8,
				1,
				8.289,
				-0.8,
				8.744,
				-0.512,
				9.2,
				-0.4,
				1,
				9.939,
				-0.219,
				10.678,
				-0.171,
				11.417,
				0,
				1,
				11.661,
				0.057,
				11.906,
				0.6,
				12.15,
				0.6,
				1,
				12.25,
				0.6,
				12.35,
				-1,
				12.45,
				-1,
				1,
				12.8,
				-1,
				13.15,
				0,
				13.5,
				0,
				1,
				14.05,
				0,
				14.6,
				-0.3,
				15.15,
				-0.3,
				1,
				15.3,
				-0.3,
				15.45,
				0,
				15.6,
				0,
				1,
				15.789,
				0,
				15.978,
				0,
				16.167,
				0,
				1,
				16.289,
				0,
				16.411,
				0.7,
				16.533,
				0.7,
				1,
				17.072,
				0.7,
				17.611,
				0.366,
				18.15,
				0,
				1,
				18.317,
				-0.113,
				18.483,
				-0.1,
				18.65,
				-0.1,
				1,
				18.861,
				-0.1,
				19.072,
				0.3,
				19.283,
				0.3,
				1,
				19.528,
				0.3,
				19.772,
				0.224,
				20.017,
				0,
				1,
				20.122,
				-0.097,
				20.228,
				-0.2,
				20.333,
				-0.2,
				1,
				21.178,
				-0.2,
				22.022,
				-0.122,
				22.867,
				0,
				1,
				24.322,
				0.21,
				25.778,
				0.3,
				27.233,
				0.3,
				1,
				27.383,
				0.3,
				27.533,
				0,
				27.683,
				0,
				1,
				28,
				0,
				28.317,
				0.1,
				28.633,
				0.1,
				1,
				28.806,
				0.1,
				28.978,
				-0.9,
				29.15,
				-0.9,
				1,
				29.406,
				-0.9,
				29.661,
				-0.561,
				29.917,
				0,
				1,
				30.083,
				0.366,
				30.25,
				0.5,
				30.417,
				0.5,
				1,
				30.683,
				0.5,
				30.95,
				-0.9,
				31.217,
				-0.9,
				1,
				31.65,
				-0.9,
				32.083,
				-0.883,
				32.517,
				-0.7,
				1,
				32.711,
				-0.618,
				32.906,
				0,
				33.1,
				0,
				1,
				33.489,
				0,
				33.878,
				-0.009,
				34.267,
				-0.1,
				1,
				34.594,
				-0.176,
				34.922,
				-0.3,
				35.25,
				-0.3,
				1,
				35.494,
				-0.3,
				35.739,
				0,
				35.983,
				0
			]
		}
	]
}