{
	"Version": 3,
	"Meta": {
		"Duration": 15.983,
		"Fps": 60.0,
		"Loop": true,
		"AreBeziersRestricted": true,
		"CurveCount": 40,
		"TotalSegmentCount": 800,
		"TotalPointCount": 2418,
		"UserDataCount": 0,
		"TotalUserDataSize": 0
	},
	"Curves": [
		{
			"Target": "Parameter",
			"Id": "ParamAngleX",
			"Segments": [
				0,
				-15,
				1,
				0.178,
				-15,
				0.356,
				5,
				0.533,
				5,
				1,
				0.717,
				5,
				0.9,
				-15,
				1.083,
				-15,
				1,
				1.267,
				-15,
				1.45,
				5,
				1.633,
				5,
				1,
				1.822,
				5,
				2.011,
				-15,
				2.2,
				-15,
				1,
				2.378,
				-15,
				2.556,
				5,
				2.733,
				5,
				1,
				2.917,
				5,
				3.1,
				-15,
				3.283,
				-15,
				1,
				3.467,
				-15,
				3.65,
				5,
				3.833,
				5,
				1,
				4.022,
				5,
				4.211,
				-15,
				4.4,
				-15,
				1,
				4.578,
				-15,
				4.756,
				5,
				4.933,
				5,
				1,
				5.117,
				5,
				5.3,
				-15,
				5.483,
				-15,
				1,
				5.667,
				-15,
				5.85,
				5,
				6.033,
				5,
				1,
				6.222,
				5,
				6.411,
				-15,
				6.6,
				-15,
				1,
				6.778,
				-15,
				6.956,
				5,
				7.133,
				5,
				1,
				7.317,
				5,
				7.5,
				-15,
				7.683,
				-15,
				1,
				7.867,
				-15,
				8.05,
				5,
				8.233,
				5,
				1,
				8.422,
				5,
				8.611,
				-15,
				8.8,
				-15,
				1,
				8.978,
				-15,
				9.156,
				5,
				9.333,
				5,
				1,
				9.517,
				5,
				9.7,
				-15,
				9.883,
				-15,
				1,
				10.072,
				-15,
				10.261,
				5,
				10.45,
				5,
				1,
				10.639,
				5,
				10.828,
				-15,
				11.017,
				-15,
				1,
				11.194,
				-15,
				11.372,
				5,
				11.55,
				5,
				1,
				11.733,
				5,
				11.917,
				-15,
				12.1,
				-15,
				1,
				12.289,
				-15,
				12.478,
				5,
				12.667,
				5,
				1,
				12.85,
				5,
				13.033,
				-15,
				13.217,
				-15,
				1,
				13.394,
				-15,
				13.572,
				5,
				13.75,
				5,
				1,
				13.933,
				5,
				14.117,
				-15,
				14.3,
				-15,
				1,
				14.483,
				-15,
				14.667,
				5,
				14.85,
				5,
				1,
				15.228,
				5,
				15.606,
				-15,
				15.983,
				-15
			]
		},
		{
			"Target": "Parameter",
			"Id": "ParamAngleY",
			"Segments": [
				0,
				-14,
				1,
				0.111,
				-14,
				0.222,
				12,
				0.333,
				12,
				1,
				0.4,
				12,
				0.467,
				-14,
				0.533,
				-14,
				1,
				0.628,
				-14,
				0.722,
				12,
				0.817,
				12,
				1,
				0.906,
				12,
				0.994,
				-14,
				1.083,
				-14,
				1,
				1.194,
				-14,
				1.306,
				12,
				1.417,
				12,
				1,
				1.483,
				12,
				1.55,
				-14,
				1.617,
				-14,
				1,
				1.711,
				-14,
				1.806,
				12,
				1.9,
				12,
				1,
				2,
				12,
				2.1,
				-14,
				2.2,
				-14,
				1,
				2.311,
				-14,
				2.422,
				12,
				2.533,
				12,
				1,
				2.6,
				12,
				2.667,
				-14,
				2.733,
				-14,
				1,
				2.828,
				-14,
				2.922,
				12,
				3.017,
				12,
				1,
				3.106,
				12,
				3.194,
				-14,
				3.283,
				-14,
				1,
				3.4,
				-14,
				3.517,
				12,
				3.633,
				12,
				1,
				3.7,
				12,
				3.767,
				-14,
				3.833,
				-14,
				1,
				3.933,
				-14,
				4.033,
				12,
				4.133,
				12,
				1,
				4.222,
				12,
				4.311,
				-14,
				4.4,
				-14,
				1,
				4.511,
				-14,
				4.622,
				12,
				4.733,
				12,
				1,
				4.8,
				12,
				4.867,
				-14,
				4.933,
				-14,
				1,
				5.028,
				-14,
				5.122,
				12,
				5.217,
				12,
				1,
				5.306,
				12,
				5.394,
				-14,
				5.483,
				-14,
				1,
				5.594,
				-14,
				5.706,
				12,
				5.817,
				12,
				1,
				5.883,
				12,
				5.95,
				-14,
				6.017,
				-14,
				1,
				6.111,
				-14,
				6.206,
				12,
				6.3,
				12,
				1,
				6.4,
				12,
				6.5,
				-14,
				6.6,
				-14,
				1,
				6.711,
				-14,
				6.822,
				12,
				6.933,
				12,
				1,
				7,
				12,
				7.067,
				-14,
				7.133,
				-14,
				1,
				7.228,
				-14,
				7.322,
				12,
				7.417,
				12,
				1,
				7.506,
				12,
				7.594,
				-14,
				7.683,
				-14,
				1,
				7.8,
				-14,
				7.917,
				12,
				8.033,
				12,
				1,
				8.1,
				12,
				8.167,
				-14,
				8.233,
				-14,
				1,
				8.333,
				-14,
				8.433,
				12,
				8.533,
				12,
				1,
				8.622,
				12,
				8.711,
				-14,
				8.8,
				-14,
				1,
				8.911,
				-14,
				9.022,
				12,
				9.133,
				12,
				1,
				9.2,
				12,
				9.267,
				-14,
				9.333,
				-14,
				1,
				9.428,
				-14,
				9.522,
				12,
				9.617,
				12,
				1,
				9.706,
				12,
				9.794,
				-14,
				9.883,
				-14,
				1,
				9.994,
				-14,
				10.106,
				12,
				10.217,
				12,
				1,
				10.283,
				12,
				10.35,
				-14,
				10.417,
				-14,
				1,
				10.517,
				-14,
				10.617,
				12,
				10.717,
				12,
				1,
				10.817,
				12,
				10.917,
				-14,
				11.017,
				-14,
				1,
				11.128,
				-14,
				11.239,
				12,
				11.35,
				12,
				1,
				11.417,
				12,
				11.483,
				-14,
				11.55,
				-14,
				1,
				11.644,
				-14,
				11.739,
				12,
				11.833,
				12,
				1,
				11.922,
				12,
				12.011,
				-14,
				12.1,
				-14,
				1,
				12.217,
				-14,
				12.333,
				12,
				12.45,
				12,
				1,
				12.517,
				12,
				12.583,
				-14,
				12.65,
				-14,
				1,
				12.75,
				-14,
				12.85,
				12,
				12.95,
				12,
				1,
				13.039,
				12,
				13.128,
				-14,
				13.217,
				-14,
				1,
				13.333,
				-14,
				13.45,
				12,
				13.567,
				12,
				1,
				13.633,
				12,
				13.7,
				-14,
				13.767,
				-14,
				1,
				13.867,
				-14,
				13.967,
				12,
				14.067,
				12,
				1,
				14.15,
				12,
				14.233,
				-15,
				14.317,
				-15,
				1,
				14.422,
				-15,
				14.528,
				12,
				14.633,
				12,
				1,
				14.728,
				12,
				14.822,
				-15,
				14.917,
				-15,
				1,
				15.061,
				-15,
				15.206,
				9,
				15.35,
				9,
				1,
				15.561,
				9,
				15.772,
				-14,
				15.983,
				-14
			]
		},
		{
			"Target": "Parameter",
			"Id": "ParamAngleZ",
			"Segments": [
				0,
				-15,
				1,
				0.067,
				-15,
				0.133,
				-15.507,
				0.2,
				-14,
				1,
				0.311,
				-11.488,
				0.422,
				15,
				0.533,
				15,
				1,
				0.594,
				15,
				0.656,
				15.619,
				0.717,
				14,
				1,
				0.839,
				10.762,
				0.961,
				-15,
				1.083,
				-15,
				1,
				1.15,
				-15,
				1.217,
				-15.761,
				1.283,
				-13,
				1,
				1.4,
				-8.168,
				1.517,
				15,
				1.633,
				15,
				1,
				1.7,
				15,
				1.767,
				15.571,
				1.833,
				14,
				1,
				1.956,
				11.121,
				2.078,
				-15,
				2.2,
				-15,
				1,
				2.272,
				-15,
				2.344,
				-15.431,
				2.417,
				-14,
				1,
				2.522,
				-11.908,
				2.628,
				15,
				2.733,
				15,
				1,
				2.8,
				15,
				2.867,
				15.539,
				2.933,
				14,
				1,
				3.05,
				11.306,
				3.167,
				-15,
				3.283,
				-15,
				1,
				3.344,
				-15,
				3.406,
				-15.649,
				3.467,
				-14,
				1,
				3.594,
				-10.551,
				3.722,
				15,
				3.85,
				15,
				1,
				3.911,
				15,
				3.972,
				15.619,
				4.033,
				14,
				1,
				4.156,
				10.762,
				4.278,
				-15,
				4.4,
				-15,
				1,
				4.461,
				-15,
				4.522,
				-15.587,
				4.583,
				-14,
				1,
				4.7,
				-10.97,
				4.817,
				15,
				4.933,
				15,
				1,
				5,
				15,
				5.067,
				15.539,
				5.133,
				14,
				1,
				5.25,
				11.306,
				5.367,
				-15,
				5.483,
				-15,
				1,
				5.55,
				-15,
				5.617,
				-15.539,
				5.683,
				-14,
				1,
				5.8,
				-11.306,
				5.917,
				15,
				6.033,
				15,
				1,
				6.1,
				15,
				6.167,
				15.571,
				6.233,
				14,
				1,
				6.356,
				11.121,
				6.478,
				-15,
				6.6,
				-15,
				1,
				6.667,
				-15,
				6.733,
				-15.507,
				6.8,
				-14,
				1,
				6.911,
				-11.488,
				7.022,
				15,
				7.133,
				15,
				1,
				7.194,
				15,
				7.256,
				15.619,
				7.317,
				14,
				1,
				7.439,
				10.762,
				7.561,
				-15,
				7.683,
				-15,
				1,
				7.75,
				-15,
				7.817,
				-15.571,
				7.883,
				-14,
				1,
				8.006,
				-11.121,
				8.128,
				15,
				8.25,
				15,
				1,
				8.317,
				15,
				8.383,
				15.539,
				8.45,
				14,
				1,
				8.567,
				11.306,
				8.683,
				-15,
				8.8,
				-15,
				1,
				8.867,
				-15,
				8.933,
				-15.539,
				9,
				-14,
				1,
				9.117,
				-11.306,
				9.233,
				15,
				9.35,
				15,
				1,
				9.417,
				15,
				9.483,
				15.539,
				9.55,
				14,
				1,
				9.667,
				11.306,
				9.783,
				-15,
				9.9,
				-15,
				1,
				9.967,
				-15,
				10.033,
				-15.539,
				10.1,
				-14,
				1,
				10.217,
				-11.306,
				10.333,
				15,
				10.45,
				15,
				1,
				10.517,
				15,
				10.583,
				15.571,
				10.65,
				14,
				1,
				10.772,
				11.121,
				10.894,
				-15,
				11.017,
				-15,
				1,
				11.078,
				-15,
				11.139,
				-15.587,
				11.2,
				-14,
				1,
				11.317,
				-10.97,
				11.433,
				15,
				11.55,
				15,
				1,
				11.617,
				15,
				11.683,
				15.539,
				11.75,
				14,
				1,
				11.867,
				11.306,
				11.983,
				-15,
				12.1,
				-15,
				1,
				12.167,
				-15,
				12.233,
				-15.571,
				12.3,
				-14,
				1,
				12.422,
				-11.121,
				12.544,
				15,
				12.667,
				15,
				1,
				12.733,
				15,
				12.8,
				15.539,
				12.867,
				14,
				1,
				12.983,
				11.306,
				13.1,
				-15,
				13.217,
				-15,
				1,
				13.278,
				-15,
				13.339,
				-15.587,
				13.4,
				-14,
				1,
				13.517,
				-10.97,
				13.633,
				15,
				13.75,
				15,
				1,
				13.817,
				15,
				13.883,
				15.601,
				13.95,
				14,
				1,
				14.078,
				10.932,
				14.206,
				-15,
				14.333,
				-15,
				1,
				14.394,
				-15,
				14.456,
				-15.587,
				14.517,
				-14,
				1,
				14.633,
				-10.97,
				14.75,
				15,
				14.867,
				15,
				1,
				14.933,
				15,
				15,
				16.068,
				15.067,
				14,
				1,
				15.372,
				4.52,
				15.678,
				-15,
				15.983,
				-15
			]
		},
		{
			"Target": "Parameter",
			"Id": "ParamEarLeft",
			"Segments": [
				0,
				0,
				1,
				0.106,
				0,
				0.211,
				0.6,
				0.317,
				0.6,
				1,
				0.389,
				0.6,
				0.461,
				-0.6,
				0.533,
				-0.6,
				1,
				0.628,
				-0.6,
				0.722,
				0.4,
				0.817,
				0.4,
				1,
				0.906,
				0.4,
				0.994,
				-0.5,
				1.083,
				-0.5,
				1,
				1.2,
				-0.5,
				1.317,
				0.4,
				1.433,
				0.4,
				1,
				1.856,
				0.4,
				2.278,
				-0.6,
				2.7,
				-0.6,
				1,
				2.75,
				-0.6,
				2.8,
				0.8,
				2.85,
				0.8,
				1,
				2.894,
				0.8,
				2.939,
				-0.4,
				2.983,
				-0.4,
				1,
				3.028,
				-0.4,
				3.072,
				0.4,
				3.117,
				0.4,
				1,
				3.156,
				0.4,
				3.194,
				-0.5,
				3.233,
				-0.5,
				1,
				3.461,
				-0.5,
				3.689,
				0.7,
				3.917,
				0.7,
				1,
				4.017,
				0.7,
				4.117,
				0.184,
				4.217,
				0,
				1,
				4.483,
				-0.491,
				4.75,
				-0.6,
				5.017,
				-0.6,
				1,
				5.067,
				-0.6,
				5.117,
				1,
				5.167,
				1,
				1,
				5.211,
				1,
				5.256,
				-0.6,
				5.3,
				-0.6,
				1,
				5.344,
				-0.6,
				5.389,
				0.4,
				5.433,
				0.4,
				1,
				5.472,
				0.4,
				5.511,
				-0.5,
				5.55,
				-0.5,
				1,
				5.622,
				-0.5,
				5.694,
				1,
				5.767,
				1,
				1,
				5.861,
				1,
				5.956,
				-0.1,
				6.05,
				-0.1,
				1,
				6.322,
				-0.1,
				6.594,
				0.5,
				6.867,
				0.5,
				1,
				6.911,
				0.5,
				6.956,
				-0.7,
				7,
				-0.7,
				1,
				7.167,
				-0.7,
				7.333,
				-0.15,
				7.5,
				0.2,
				1,
				7.744,
				0.714,
				7.989,
				0.8,
				8.233,
				0.8,
				1,
				8.278,
				0.8,
				8.322,
				-0.4,
				8.367,
				-0.4,
				1,
				8.411,
				-0.4,
				8.456,
				0.4,
				8.5,
				0.4,
				1,
				8.539,
				0.4,
				8.578,
				-0.5,
				8.617,
				-0.5,
				1,
				8.65,
				-0.5,
				8.683,
				0.7,
				8.717,
				0.7,
				1,
				8.75,
				0.7,
				8.783,
				-0.3,
				8.817,
				-0.3,
				1,
				9.072,
				-0.3,
				9.328,
				0.8,
				9.583,
				0.8,
				1,
				9.628,
				0.8,
				9.672,
				-0.4,
				9.717,
				-0.4,
				1,
				9.761,
				-0.4,
				9.806,
				0.4,
				9.85,
				0.4,
				1,
				9.889,
				0.4,
				9.928,
				-0.5,
				9.967,
				-0.5,
				1,
				10,
				-0.5,
				10.033,
				0.7,
				10.067,
				0.7,
				1,
				10.1,
				0.7,
				10.133,
				-0.3,
				10.167,
				-0.3,
				1,
				10.389,
				-0.3,
				10.611,
				0.9,
				10.833,
				0.9,
				1,
				11.356,
				0.9,
				11.878,
				0.868,
				12.4,
				0.6,
				1,
				12.606,
				0.494,
				12.811,
				-0.6,
				13.017,
				-0.6,
				1,
				13.311,
				-0.6,
				13.606,
				0.9,
				13.9,
				0.9,
				1,
				14.022,
				0.9,
				14.144,
				-0.6,
				14.267,
				-0.6,
				1,
				14.317,
				-0.6,
				14.367,
				0.8,
				14.417,
				0.8,
				1,
				14.461,
				0.8,
				14.506,
				-0.4,
				14.55,
				-0.4,
				1,
				14.594,
				-0.4,
				14.639,
				0.4,
				14.683,
				0.4,
				1,
				14.722,
				0.4,
				14.761,
				-0.5,
				14.8,
				-0.5,
				1,
				14.833,
				-0.5,
				14.867,
				0.7,
				14.9,
				0.7,
				1,
				14.933,
				0.7,
				14.967,
				-0.3,
				15,
				-0.3,
				1,
				15.05,
				-0.3,
				15.1,
				0.4,
				15.15,
				0.4,
				1,
				15.278,
				0.4,
				15.406,
				-0.5,
				15.533,
				-0.5,
				1,
				15.683,
				-0.5,
				15.833,
				0,
				15.983,
				0
			]
		},
		{
			"Target": "Parameter",
			"Id": "ParamEarRight",
			"Segments": [
				0,
				0,
				1,
				0.106,
				0,
				0.211,
				0.6,
				0.317,
				0.6,
				1,
				0.389,
				0.6,
				0.461,
				-0.6,
				0.533,
				-0.6,
				1,
				0.628,
				-0.6,
				0.722,
				0.4,
				0.817,
				0.4,
				1,
				0.906,
				0.4,
				0.994,
				-0.5,
				1.083,
				-0.5,
				1,
				1.2,
				-0.5,
				1.317,
				0.4,
				1.433,
				0.4,
				1,
				1.856,
				0.4,
				2.278,
				-0.6,
				2.7,
				-0.6,
				1,
				2.75,
				-0.6,
				2.8,
				0.8,
				2.85,
				0.8,
				1,
				2.894,
				0.8,
				2.939,
				-0.4,
				2.983,
				-0.4,
				1,
				3.028,
				-0.4,
				3.072,
				0.4,
				3.117,
				0.4,
				1,
				3.156,
				0.4,
				3.194,
				-0.5,
				3.233,
				-0.5,
				1,
				3.461,
				-0.5,
				3.689,
				0.7,
				3.917,
				0.7,
				1,
				4.017,
				0.7,
				4.117,
				0.184,
				4.217,
				0,
				1,
				4.483,
				-0.491,
				4.75,
				-0.6,
				5.017,
				-0.6,
				1,
				5.067,
				-0.6,
				5.117,
				1,
				5.167,
				1,
				1,
				5.211,
				1,
				5.256,
				-0.7,
				5.3,
				-0.7,
				1,
				5.344,
				-0.7,
				5.389,
				0.4,
				5.433,
				0.4,
				1,
				5.472,
				0.4,
				5.511,
				-0.5,
				5.55,
				-0.5,
				1,
				5.622,
				-0.5,
				5.694,
				1,
				5.767,
				1,
				1,
				5.861,
				1,
				5.956,
				-0.1,
				6.05,
				-0.1,
				1,
				6.322,
				-0.1,
				6.594,
				0.6,
				6.867,
				0.6,
				1,
				6.911,
				0.6,
				6.956,
				-0.8,
				7,
				-0.8,
				1,
				7.167,
				-0.8,
				7.333,
				-0.159,
				7.5,
				0.2,
				1,
				7.744,
				0.726,
				7.989,
				0.8,
				8.233,
				0.8,
				1,
				8.278,
				0.8,
				8.322,
				-0.4,
				8.367,
				-0.4,
				1,
				8.411,
				-0.4,
				8.456,
				0.4,
				8.5,
				0.4,
				1,
				8.539,
				0.4,
				8.578,
				-0.5,
				8.617,
				-0.5,
				1,
				8.65,
				-0.5,
				8.683,
				0.7,
				8.717,
				0.7,
				1,
				8.75,
				0.7,
				8.783,
				-0.5,
				8.817,
				-0.5,
				1,
				9.072,
				-0.5,
				9.328,
				0.8,
				9.583,
				0.8,
				1,
				9.628,
				0.8,
				9.672,
				-0.4,
				9.717,
				-0.4,
				1,
				9.761,
				-0.4,
				9.806,
				0.4,
				9.85,
				0.4,
				1,
				9.889,
				0.4,
				9.928,
				-0.5,
				9.967,
				-0.5,
				1,
				10,
				-0.5,
				10.033,
				0.7,
				10.067,
				0.7,
				1,
				10.1,
				0.7,
				10.133,
				-0.5,
				10.167,
				-0.5,
				1,
				10.389,
				-0.5,
				10.611,
				0.9,
				10.833,
				0.9,
				1,
				11.356,
				0.9,
				11.878,
				0.892,
				12.4,
				0.8,
				1,
				12.606,
				0.764,
				12.811,
				-0.6,
				13.017,
				-0.6,
				1,
				13.311,
				-0.6,
				13.606,
				0.9,
				13.9,
				0.9,
				1,
				14.022,
				0.9,
				14.144,
				-0.6,
				14.267,
				-0.6,
				1,
				14.317,
				-0.6,
				14.367,
				0.8,
				14.417,
				0.8,
				1,
				14.461,
				0.8,
				14.506,
				-0.4,
				14.55,
				-0.4,
				1,
				14.594,
				-0.4,
				14.639,
				0.4,
				14.683,
				0.4,
				1,
				14.722,
				0.4,
				14.761,
				-0.5,
				14.8,
				-0.5,
				1,
				14.833,
				-0.5,
				14.867,
				0.7,
				14.9,
				0.7,
				1,
				14.933,
				0.7,
				14.967,
				-0.5,
				15,
				-0.5,
				1,
				15.05,
				-0.5,
				15.1,
				0.4,
				15.15,
				0.4,
				1,
				15.278,
				0.4,
				15.406,
				-0.5,
				15.533,
				-0.5,
				1,
				15.683,
				-0.5,
				15.833,
				0,
				15.983,
				0
			]
		},
		{
			"Target": "Parameter",
			"Id": "ParamMouthForm",
			"Segments": [
				0,
				0.4,
				1,
				0.1,
				0.4,
				0.2,
				0.5,
				0.3,
				0.5,
				1,
				0.333,
				0.5,
				0.367,
				-0.8,
				0.4,
				-0.8,
				1,
				0.5,
				-0.8,
				0.6,
				-0.767,
				0.7,
				-0.7,
				1,
				0.75,
				-0.667,
				0.8,
				-0.661,
				0.85,
				-0.6,
				1,
				0.928,
				-0.506,
				1.006,
				-0.243,
				1.083,
				0,
				1,
				1.278,
				0.609,
				1.472,
				1,
				1.667,
				1,
				1,
				1.778,
				1,
				1.889,
				0.6,
				2,
				0.6,
				1,
				2.517,
				0.6,
				3.033,
				0.8,
				3.55,
				0.8,
				1,
				3.722,
				0.8,
				3.894,
				0.776,
				4.067,
				0.7,
				1,
				4.189,
				0.646,
				4.311,
				0.6,
				4.433,
				0.6,
				1,
				4.833,
				0.6,
				5.233,
				1,
				5.633,
				1,
				1,
				5.761,
				1,
				5.889,
				0,
				6.017,
				0,
				1,
				6.111,
				0,
				6.206,
				0.027,
				6.3,
				0.2,
				1,
				6.339,
				0.271,
				6.378,
				0.6,
				6.417,
				0.6,
				1,
				6.444,
				0.6,
				6.472,
				-1,
				6.5,
				-1,
				1,
				6.556,
				-1,
				6.611,
				1,
				6.667,
				1,
				1,
				6.85,
				1,
				7.033,
				-0.2,
				7.217,
				-0.2,
				1,
				7.389,
				-0.2,
				7.561,
				-0.173,
				7.733,
				0,
				1,
				7.789,
				0.056,
				7.844,
				1,
				7.9,
				1,
				1,
				8.172,
				1,
				8.444,
				0.858,
				8.717,
				0.5,
				1,
				8.739,
				0.471,
				8.761,
				0,
				8.783,
				0,
				1,
				8.839,
				0,
				8.894,
				1,
				8.95,
				1,
				1,
				9.222,
				1,
				9.494,
				0.5,
				9.767,
				0.5,
				1,
				9.956,
				0.5,
				10.144,
				0.6,
				10.333,
				0.6,
				1,
				10.361,
				0.6,
				10.389,
				-1,
				10.417,
				-1,
				1,
				10.517,
				-1,
				10.617,
				-0.941,
				10.717,
				-0.7,
				1,
				10.739,
				-0.646,
				10.761,
				0.5,
				10.783,
				0.5,
				1,
				11.722,
				0.5,
				12.661,
				0.5,
				13.6,
				0.5,
				1,
				13.628,
				0.5,
				13.656,
				-1,
				13.683,
				-1,
				1,
				13.789,
				-1,
				13.894,
				-0.936,
				14,
				-0.7,
				1,
				14.022,
				-0.65,
				14.044,
				0.285,
				14.067,
				0.3,
				1,
				14.183,
				0.379,
				14.3,
				0.4,
				14.417,
				0.4,
				1,
				14.672,
				0.4,
				14.928,
				0.337,
				15.183,
				0.1,
				1,
				15.233,
				0.054,
				15.283,
				-1,
				15.333,
				-1,
				1,
				15.5,
				-1,
				15.667,
				-0.954,
				15.833,
				-0.7,
				1,
				15.883,
				-0.624,
				15.933,
				0.4,
				15.983,
				0.4
			]
		},
		{
			"Target": "Parameter",
			"Id": "ParamMouthOpenY",
			"Segments": [
				0,
				0,
				1,
				0.028,
				0,
				0.056,
				0.7,
				0.083,
				0.7,
				1,
				0.122,
				0.7,
				0.161,
				0,
				0.2,
				0,
				1,
				0.244,
				0,
				0.289,
				0.8,
				0.333,
				0.8,
				1,
				0.356,
				0.8,
				0.378,
				0,
				0.4,
				0,
				1,
				0.444,
				0,
				0.489,
				0.9,
				0.533,
				0.9,
				1,
				0.589,
				0.9,
				0.644,
				0.1,
				0.7,
				0.1,
				1,
				0.728,
				0.1,
				0.756,
				0.8,
				0.783,
				0.8,
				1,
				0.806,
				0.8,
				0.828,
				0.4,
				0.85,
				0.4,
				1,
				0.906,
				0.4,
				0.961,
				0.71,
				1.017,
				0.9,
				1,
				1.05,
				1.014,
				1.083,
				1,
				1.117,
				1,
				1,
				1.144,
				1,
				1.172,
				0.2,
				1.2,
				0.2,
				1,
				1.267,
				0.2,
				1.333,
				0.7,
				1.4,
				0.7,
				1,
				1.444,
				0.7,
				1.489,
				0.67,
				1.533,
				0.5,
				1,
				1.606,
				0.223,
				1.678,
				0,
				1.75,
				0,
				1,
				1.811,
				0,
				1.872,
				1,
				1.933,
				1,
				1,
				2.172,
				1,
				2.411,
				0,
				2.65,
				0,
				1,
				2.928,
				0,
				3.206,
				0,
				3.483,
				0,
				1,
				3.533,
				0,
				3.583,
				0.6,
				3.633,
				0.6,
				1,
				3.667,
				0.6,
				3.7,
				0,
				3.733,
				0,
				1,
				3.756,
				0,
				3.778,
				0.7,
				3.8,
				0.7,
				1,
				3.844,
				0.7,
				3.889,
				0,
				3.933,
				0,
				1,
				3.967,
				0,
				4,
				0.8,
				4.033,
				0.8,
				1,
				4.072,
				0.8,
				4.111,
				0.2,
				4.15,
				0.2,
				1,
				4.189,
				0.2,
				4.228,
				0.8,
				4.267,
				0.8,
				1,
				4.344,
				0.8,
				4.422,
				0,
				4.5,
				0,
				1,
				4.528,
				0,
				4.556,
				0.6,
				4.583,
				0.6,
				1,
				4.606,
				0.6,
				4.628,
				0.4,
				4.65,
				0.4,
				1,
				4.678,
				0.4,
				4.706,
				0.9,
				4.733,
				0.9,
				1,
				4.767,
				0.9,
				4.8,
				0.6,
				4.833,
				0.6,
				1,
				4.861,
				0.6,
				4.889,
				1,
				4.917,
				1,
				1,
				4.95,
				1,
				4.983,
				0.1,
				5.017,
				0.1,
				1,
				5.05,
				0.1,
				5.083,
				0.8,
				5.117,
				0.8,
				1,
				5.367,
				0.8,
				5.617,
				0,
				5.867,
				0,
				1,
				5.889,
				0,
				5.911,
				0,
				5.933,
				0,
				1,
				5.961,
				0,
				5.989,
				1,
				6.017,
				1,
				1,
				6.05,
				1,
				6.083,
				0,
				6.117,
				0,
				1,
				6.15,
				0,
				6.183,
				0.9,
				6.217,
				0.9,
				1,
				6.244,
				0.9,
				6.272,
				0.5,
				6.3,
				0.5,
				1,
				6.339,
				0.5,
				6.378,
				0.7,
				6.417,
				0.7,
				1,
				6.478,
				0.7,
				6.539,
				0,
				6.6,
				0,
				1,
				6.639,
				0,
				6.678,
				1,
				6.717,
				1,
				1,
				6.756,
				1,
				6.794,
				0,
				6.833,
				0,
				1,
				6.9,
				0,
				6.967,
				1,
				7.033,
				1,
				1,
				7.322,
				1,
				7.611,
				0,
				7.9,
				0,
				1,
				7.95,
				0,
				8,
				0.6,
				8.05,
				0.6,
				1,
				8.1,
				0.6,
				8.15,
				0,
				8.2,
				0,
				1,
				8.239,
				0,
				8.278,
				0.8,
				8.317,
				0.8,
				1,
				8.35,
				0.8,
				8.383,
				0.5,
				8.417,
				0.5,
				1,
				8.444,
				0.5,
				8.472,
				1,
				8.5,
				1,
				1,
				8.539,
				1,
				8.578,
				0,
				8.617,
				0,
				1,
				8.667,
				0,
				8.717,
				0.5,
				8.767,
				0.5,
				1,
				8.778,
				0.5,
				8.789,
				0,
				8.8,
				0,
				1,
				8.822,
				0,
				8.844,
				0,
				8.867,
				0,
				1,
				8.917,
				0,
				8.967,
				0.6,
				9.017,
				0.6,
				1,
				9.067,
				0.6,
				9.117,
				0,
				9.167,
				0,
				1,
				9.206,
				0,
				9.244,
				0.8,
				9.283,
				0.8,
				1,
				9.317,
				0.8,
				9.35,
				0.5,
				9.383,
				0.5,
				1,
				9.411,
				0.5,
				9.439,
				1,
				9.467,
				1,
				1,
				9.506,
				1,
				9.544,
				0,
				9.583,
				0,
				1,
				9.617,
				0,
				9.65,
				0.8,
				9.683,
				0.8,
				1,
				9.767,
				0.8,
				9.85,
				0,
				9.933,
				0,
				1,
				10.067,
				0,
				10.2,
				0,
				10.333,
				0,
				1,
				10.361,
				0,
				10.389,
				1,
				10.417,
				1,
				1,
				10.511,
				1,
				10.606,
				0,
				10.7,
				0,
				1,
				10.728,
				0,
				10.756,
				0.7,
				10.783,
				0.7,
				1,
				10.833,
				0.7,
				10.883,
				0.3,
				10.933,
				0.3,
				1,
				11.011,
				0.3,
				11.089,
				1,
				11.167,
				1,
				1,
				11.217,
				1,
				11.267,
				0.3,
				11.317,
				0.3,
				1,
				11.428,
				0.3,
				11.539,
				1,
				11.65,
				1,
				1,
				11.811,
				1,
				11.972,
				0,
				12.133,
				0,
				1,
				12.178,
				0,
				12.222,
				0.8,
				12.267,
				0.8,
				1,
				12.367,
				0.8,
				12.467,
				0,
				12.567,
				0,
				1,
				12.611,
				0,
				12.656,
				0,
				12.7,
				0,
				1,
				12.739,
				0,
				12.778,
				0.9,
				12.817,
				0.9,
				1,
				12.867,
				0.9,
				12.917,
				0.1,
				12.967,
				0.1,
				1,
				13.1,
				0.1,
				13.233,
				1,
				13.367,
				1,
				1,
				13.406,
				1,
				13.444,
				0.81,
				13.483,
				0.5,
				1,
				13.528,
				0.146,
				13.572,
				0,
				13.617,
				0,
				1,
				13.65,
				0,
				13.683,
				0.8,
				13.717,
				0.8,
				1,
				13.811,
				0.8,
				13.906,
				0,
				14,
				0,
				1,
				14.022,
				0,
				14.044,
				0.7,
				14.067,
				0.7,
				1,
				14.1,
				0.7,
				14.133,
				0,
				14.167,
				0,
				1,
				14.189,
				0,
				14.211,
				0.6,
				14.233,
				0.6,
				1,
				14.294,
				0.6,
				14.356,
				0,
				14.417,
				0,
				1,
				14.456,
				0,
				14.494,
				1,
				14.533,
				1,
				1,
				14.567,
				1,
				14.6,
				0,
				14.633,
				0,
				1,
				14.678,
				0,
				14.722,
				0.8,
				14.767,
				0.8,
				1,
				14.8,
				0.8,
				14.833,
				0.2,
				14.867,
				0.2,
				1,
				14.917,
				0.2,
				14.967,
				0.8,
				15.017,
				0.8,
				1,
				15.072,
				0.8,
				15.128,
				0.1,
				15.183,
				0.1,
				1,
				15.233,
				0.1,
				15.283,
				0.8,
				15.333,
				0.8,
				1,
				15.4,
				0.8,
				15.467,
				0.1,
				15.533,
				0.1,
				1,
				15.594,
				0.1,
				15.656,
				0.8,
				15.717,
				0.8,
				1,
				15.778,
				0.8,
				15.839,
				0,
				15.9,
				0,
				1,
				15.928,
				0,
				15.956,
				0,
				15.983,
				0
			]
		},
		{
			"Target": "Parameter",
			"Id": "ParamNormalMouth",
			"Segments": [
				0,
				1,
				0,
				15.983,
				1
			]
		},
		{
			"Target": "Parameter",
			"Id": "ParamShock",
			"Segments": [
				0,
				0,
				0,
				15.983,
				0
			]
		},
		{
			"Target": "Parameter",
			"Id": "ParamSkinFang",
			"Segments": [
				0,
				0,
				0,
				15.983,
				0
			]
		},
		{
			"Target": "Parameter",
			"Id": "ParamFang",
			"Segments": [
				0,
				0,
				0,
				15.983,
				0
			]
		},
		{
			"Target": "Parameter",
			"Id": "ParamCheek",
			"Segments": [
				0,
				0.9,
				0,
				15.983,
				0.9
			]
		},
		{
			"Target": "Parameter",
			"Id": "ParamSweatVisible",
			"Segments": [
				0,
				0,
				0,
				15.983,
				0
			]
		},
		{
			"Target": "Parameter",
			"Id": "ParamSweatPos",
			"Segments": [
				0,
				0,
				0,
				15.983,
				0
			]
		},
		{
			"Target": "Parameter",
			"Id": "ParamBodyAngleX",
			"Segments": [
				0,
				8,
				1,
				0.178,
				8,
				0.356,
				-8,
				0.533,
				-8,
				1,
				0.717,
				-8,
				0.9,
				8,
				1.083,
				8,
				1,
				1.267,
				8,
				1.45,
				-8,
				1.633,
				-8,
				1,
				1.817,
				-8,
				2,
				8,
				2.183,
				8,
				1,
				2.372,
				8,
				2.561,
				-8,
				2.75,
				-8,
				1,
				2.933,
				-8,
				3.117,
				8,
				3.3,
				8,
				1,
				3.483,
				8,
				3.667,
				-8,
				3.85,
				-8,
				1,
				4.033,
				-8,
				4.217,
				8,
				4.4,
				8,
				1,
				4.578,
				8,
				4.756,
				-8,
				4.933,
				-8,
				1,
				5.117,
				-8,
				5.3,
				8,
				5.483,
				8,
				1,
				5.667,
				8,
				5.85,
				-8,
				6.033,
				-8,
				1,
				6.217,
				-8,
				6.4,
				8,
				6.583,
				8,
				1,
				6.772,
				8,
				6.961,
				-8,
				7.15,
				-8,
				1,
				7.333,
				-8,
				7.517,
				8,
				7.7,
				8,
				1,
				7.883,
				8,
				8.067,
				-8,
				8.25,
				-8,
				1,
				8.439,
				-8,
				8.628,
				8,
				8.817,
				8,
				1,
				8.994,
				8,
				9.172,
				-8,
				9.35,
				-8,
				1,
				9.533,
				-8,
				9.717,
				8,
				9.9,
				8,
				1,
				10.083,
				8,
				10.267,
				-8,
				10.45,
				-8,
				1,
				10.633,
				-8,
				10.817,
				8,
				11,
				8,
				1,
				11.189,
				8,
				11.378,
				-8,
				11.567,
				-8,
				1,
				11.75,
				-8,
				11.933,
				8,
				12.117,
				8,
				1,
				12.3,
				8,
				12.483,
				-8,
				12.667,
				-8,
				1,
				12.85,
				-8,
				13.033,
				8,
				13.217,
				8,
				1,
				13.394,
				8,
				13.572,
				-8,
				13.75,
				-8,
				1,
				13.933,
				-8,
				14.117,
				8,
				14.3,
				8,
				1,
				14.483,
				8,
				14.667,
				-8,
				14.85,
				-8,
				1,
				15.228,
				-8,
				15.606,
				8,
				15.983,
				8
			]
		},
		{
			"Target": "Parameter",
			"Id": "ParamBodyAngleY",
			"Segments": [
				0,
				0,
				1,
				5.328,
				0,
				10.656,
				0,
				15.983,
				0
			]
		},
		{
			"Target": "Parameter",
			"Id": "ParamBodyAngleZ",
			"Segments": [
				0,
				-10,
				1,
				0.178,
				-10,
				0.356,
				10,
				0.533,
				10,
				1,
				0.717,
				10,
				0.9,
				-10,
				1.083,
				-10,
				1,
				1.267,
				-10,
				1.45,
				10,
				1.633,
				10,
				1,
				1.817,
				10,
				2,
				-10,
				2.183,
				-10,
				1,
				2.372,
				-10,
				2.561,
				10,
				2.75,
				10,
				1,
				2.928,
				10,
				3.106,
				-10,
				3.283,
				-10,
				1,
				3.472,
				-10,
				3.661,
				10,
				3.85,
				10,
				1,
				4.033,
				10,
				4.217,
				-10,
				4.4,
				-10,
				1,
				4.583,
				-10,
				4.767,
				10,
				4.95,
				10,
				1,
				5.133,
				10,
				5.317,
				-10,
				5.5,
				-10,
				1,
				5.683,
				-10,
				5.867,
				10,
				6.05,
				10,
				1,
				6.233,
				10,
				6.417,
				-10,
				6.6,
				-10,
				1,
				6.783,
				-10,
				6.967,
				10,
				7.15,
				10,
				1,
				7.339,
				10,
				7.528,
				-10,
				7.717,
				-10,
				1,
				7.894,
				-10,
				8.072,
				10,
				8.25,
				10,
				1,
				8.433,
				10,
				8.617,
				-10,
				8.8,
				-10,
				1,
				8.983,
				-10,
				9.167,
				10,
				9.35,
				10,
				1,
				9.533,
				10,
				9.717,
				-10,
				9.9,
				-10,
				1,
				10.089,
				-10,
				10.278,
				10,
				10.467,
				10,
				1,
				10.644,
				10,
				10.822,
				-10,
				11,
				-10,
				1,
				11.189,
				-10,
				11.378,
				10,
				11.567,
				10,
				1,
				11.75,
				10,
				11.933,
				-10,
				12.117,
				-10,
				1,
				12.3,
				-10,
				12.483,
				10,
				12.667,
				10,
				1,
				12.85,
				10,
				13.033,
				-10,
				13.217,
				-10,
				1,
				13.4,
				-10,
				13.583,
				10,
				13.767,
				10,
				1,
				13.95,
				10,
				14.133,
				-10,
				14.317,
				-10,
				1,
				14.5,
				-10,
				14.683,
				10,
				14.867,
				10,
				1,
				15.239,
				10,
				15.611,
				-10,
				15.983,
				-10
			]
		},
		{
			"Target": "Parameter",
			"Id": "ParamPosX",
			"Segments": [
				0,
				0,
				0,
				15.983,
				0
			]
		},
		{
			"Target": "Parameter",
			"Id": "ParamPosY",
			"Segments": [
				0,
				0,
				0,
				15.983,
				0
			]
		},
		{
			"Target": "Parameter",
			"Id": "ParamBreath",
			"Segments": [
				0,
				0,
				1,
				0.1,
				0,
				0.2,
				0.8,
				0.3,
				0.8,
				1,
				0.378,
				0.8,
				0.456,
				0,
				0.533,
				0,
				1,
				0.644,
				0,
				0.756,
				0.8,
				0.867,
				0.8,
				1,
				0.944,
				0.8,
				1.022,
				0,
				1.1,
				0,
				1,
				1.2,
				0,
				1.3,
				0.8,
				1.4,
				0.8,
				1,
				1.478,
				0.8,
				1.556,
				0,
				1.633,
				0,
				1,
				1.744,
				0,
				1.856,
				0.8,
				1.967,
				0.8,
				1,
				2.039,
				0.8,
				2.111,
				0,
				2.183,
				0,
				1,
				2.294,
				0,
				2.406,
				0.8,
				2.517,
				0.8,
				1,
				2.594,
				0.8,
				2.672,
				0,
				2.75,
				0,
				1,
				2.861,
				0,
				2.972,
				0.8,
				3.083,
				0.8,
				1,
				3.161,
				0.8,
				3.239,
				0,
				3.317,
				0,
				1,
				3.417,
				0,
				3.517,
				0.8,
				3.617,
				0.8,
				1,
				3.694,
				0.8,
				3.772,
				0,
				3.85,
				0,
				1,
				3.961,
				0,
				4.072,
				0.8,
				4.183,
				0.8,
				1,
				4.256,
				0.8,
				4.328,
				0,
				4.4,
				0,
				1,
				4.5,
				0,
				4.6,
				0.8,
				4.7,
				0.8,
				1,
				4.778,
				0.8,
				4.856,
				0,
				4.933,
				0,
				1,
				5.044,
				0,
				5.156,
				0.8,
				5.267,
				0.8,
				1,
				5.344,
				0.8,
				5.422,
				0,
				5.5,
				0,
				1,
				5.6,
				0,
				5.7,
				0.8,
				5.8,
				0.8,
				1,
				5.878,
				0.8,
				5.956,
				0,
				6.033,
				0,
				1,
				6.144,
				0,
				6.256,
				0.8,
				6.367,
				0.8,
				1,
				6.439,
				0.8,
				6.511,
				0,
				6.583,
				0,
				1,
				6.694,
				0,
				6.806,
				0.8,
				6.917,
				0.8,
				1,
				6.994,
				0.8,
				7.072,
				0,
				7.15,
				0,
				1,
				7.261,
				0,
				7.372,
				0.8,
				7.483,
				0.8,
				1,
				7.561,
				0.8,
				7.639,
				0,
				7.717,
				0,
				1,
				7.817,
				0,
				7.917,
				0.8,
				8.017,
				0.8,
				1,
				8.094,
				0.8,
				8.172,
				0,
				8.25,
				0,
				1,
				8.361,
				0,
				8.472,
				0.8,
				8.583,
				0.8,
				1,
				8.656,
				0.8,
				8.728,
				0,
				8.8,
				0,
				1,
				8.9,
				0,
				9,
				0.8,
				9.1,
				0.8,
				1,
				9.178,
				0.8,
				9.256,
				0,
				9.333,
				0,
				1,
				9.444,
				0,
				9.556,
				0.8,
				9.667,
				0.8,
				1,
				9.744,
				0.8,
				9.822,
				0,
				9.9,
				0,
				1,
				10,
				0,
				10.1,
				0.8,
				10.2,
				0.8,
				1,
				10.278,
				0.8,
				10.356,
				0,
				10.433,
				0,
				1,
				10.544,
				0,
				10.656,
				0.8,
				10.767,
				0.8,
				1,
				10.839,
				0.8,
				10.911,
				0,
				10.983,
				0,
				1,
				11.094,
				0,
				11.206,
				0.8,
				11.317,
				0.8,
				1,
				11.394,
				0.8,
				11.472,
				0,
				11.55,
				0,
				1,
				11.661,
				0,
				11.772,
				0.8,
				11.883,
				0.8,
				1,
				11.961,
				0.8,
				12.039,
				0,
				12.117,
				0,
				1,
				12.217,
				0,
				12.317,
				0.8,
				12.417,
				0.8,
				1,
				12.494,
				0.8,
				12.572,
				0,
				12.65,
				0,
				1,
				12.761,
				0,
				12.872,
				0.8,
				12.983,
				0.8,
				1,
				13.056,
				0.8,
				13.128,
				0,
				13.2,
				0,
				1,
				13.3,
				0,
				13.4,
				0.8,
				13.5,
				0.8,
				1,
				13.578,
				0.8,
				13.656,
				0,
				13.733,
				0,
				1,
				13.844,
				0,
				13.956,
				0.8,
				14.067,
				0.8,
				1,
				14.144,
				0.8,
				14.222,
				0,
				14.3,
				0,
				1,
				14.4,
				0,
				14.5,
				0.8,
				14.6,
				0.8,
				1,
				14.678,
				0.8,
				14.756,
				0,
				14.833,
				0,
				1,
				14.944,
				0,
				15.056,
				0.8,
				15.167,
				0.8,
				1,
				15.239,
				0.8,
				15.311,
				0,
				15.383,
				0,
				1,
				15.45,
				0,
				15.517,
				1,
				15.583,
				1,
				1,
				15.717,
				1,
				15.85,
				0,
				15.983,
				0
			]
		},
		{
			"Target": "Parameter",
			"Id": "ParamTail",
			"Segments": [
				0,
				30,
				1,
				0.111,
				30,
				0.222,
				27.529,
				0.333,
				10,
				1,
				0.4,
				-0.518,
				0.467,
				-30,
				0.533,
				-30,
				1,
				0.656,
				-30,
				0.778,
				-27.178,
				0.9,
				-10,
				1,
				0.961,
				-1.411,
				1.022,
				30,
				1.083,
				30,
				1,
				1.206,
				30,
				1.328,
				27.178,
				1.45,
				10,
				1,
				1.511,
				1.411,
				1.572,
				-30,
				1.633,
				-30,
				1,
				1.756,
				-30,
				1.878,
				-27.178,
				2,
				-10,
				1,
				2.061,
				-1.411,
				2.122,
				30,
				2.183,
				30,
				1,
				2.311,
				30,
				2.439,
				27.076,
				2.567,
				10,
				1,
				2.628,
				1.833,
				2.689,
				-30,
				2.75,
				-30,
				1,
				2.861,
				-30,
				2.972,
				-27.529,
				3.083,
				-10,
				1,
				3.15,
				0.518,
				3.217,
				30,
				3.283,
				30,
				1,
				3.411,
				30,
				3.539,
				27.076,
				3.667,
				10,
				1,
				3.728,
				1.833,
				3.789,
				-30,
				3.85,
				-30,
				1,
				3.967,
				-30,
				4.083,
				-27.439,
				4.2,
				-10,
				1,
				4.267,
				-0.035,
				4.333,
				30,
				4.4,
				30,
				1,
				4.517,
				30,
				4.633,
				27.439,
				4.75,
				10,
				1,
				4.817,
				0.035,
				4.883,
				-30,
				4.95,
				-30,
				1,
				5.072,
				-30,
				5.194,
				-27.178,
				5.317,
				-10,
				1,
				5.378,
				-1.411,
				5.439,
				30,
				5.5,
				30,
				1,
				5.622,
				30,
				5.744,
				27.178,
				5.867,
				10,
				1,
				5.928,
				1.411,
				5.989,
				-30,
				6.05,
				-30,
				1,
				6.172,
				-30,
				6.294,
				-27.178,
				6.417,
				-10,
				1,
				6.478,
				-1.411,
				6.539,
				30,
				6.6,
				30,
				1,
				6.728,
				30,
				6.856,
				27.076,
				6.983,
				10,
				1,
				7.044,
				1.833,
				7.106,
				-30,
				7.167,
				-30,
				1,
				7.272,
				-30,
				7.378,
				-27.614,
				7.483,
				-10,
				1,
				7.55,
				1.125,
				7.617,
				30,
				7.683,
				30,
				1,
				7.811,
				30,
				7.939,
				27.076,
				8.067,
				10,
				1,
				8.128,
				1.833,
				8.189,
				-30,
				8.25,
				-30,
				1,
				8.367,
				-30,
				8.483,
				-27.439,
				8.6,
				-10,
				1,
				8.667,
				-0.035,
				8.733,
				30,
				8.8,
				30,
				1,
				8.917,
				30,
				9.033,
				27.439,
				9.15,
				10,
				1,
				9.217,
				0.035,
				9.283,
				-30,
				9.35,
				-30,
				1,
				9.472,
				-30,
				9.594,
				-27.178,
				9.717,
				-10,
				1,
				9.778,
				-1.411,
				9.839,
				30,
				9.9,
				30,
				1,
				10.022,
				30,
				10.144,
				27.178,
				10.267,
				10,
				1,
				10.328,
				1.411,
				10.389,
				-30,
				10.45,
				-30,
				1,
				10.572,
				-30,
				10.694,
				-27.178,
				10.817,
				-10,
				1,
				10.878,
				-1.411,
				10.939,
				30,
				11,
				30,
				1,
				11.128,
				30,
				11.256,
				27.076,
				11.383,
				10,
				1,
				11.444,
				1.833,
				11.506,
				-30,
				11.567,
				-30,
				1,
				11.672,
				-30,
				11.778,
				-27.614,
				11.883,
				-10,
				1,
				11.95,
				1.125,
				12.017,
				30,
				12.083,
				30,
				1,
				12.211,
				30,
				12.339,
				27.076,
				12.467,
				10,
				1,
				12.528,
				1.833,
				12.589,
				-30,
				12.65,
				-30,
				1,
				12.767,
				-30,
				12.883,
				-27.439,
				13,
				-10,
				1,
				13.067,
				-0.035,
				13.133,
				30,
				13.2,
				30,
				1,
				13.322,
				30,
				13.444,
				27.346,
				13.567,
				10,
				1,
				13.633,
				0.539,
				13.7,
				-30,
				13.767,
				-30,
				1,
				13.889,
				-30,
				14.011,
				-27.178,
				14.133,
				-10,
				1,
				14.194,
				-1.411,
				14.256,
				30,
				14.317,
				30,
				1,
				14.439,
				30,
				14.561,
				27.178,
				14.683,
				10,
				1,
				14.744,
				1.411,
				14.806,
				-30,
				14.867,
				-30,
				1,
				14.989,
				-30,
				15.111,
				-27.178,
				15.233,
				-10,
				1,
				15.294,
				-1.411,
				15.356,
				30,
				15.417,
				30,
				1,
				15.489,
				30,
				15.561,
				-10,
				15.633,
				-10,
				1,
				15.75,
				-10,
				15.867,
				30,
				15.983,
				30
			]
		},
		{
			"Target": "Parameter",
			"Id": "ParamLeftLeg1",
			"Segments": [
				0,
				-0.3,
				1,
				0.111,
				-0.3,
				0.222,
				0.4,
				0.333,
				0.4,
				1,
				0.4,
				0.4,
				0.467,
				-0.3,
				0.533,
				-0.3,
				1,
				0.644,
				-0.3,
				0.756,
				0.4,
				0.867,
				0.4,
				1,
				0.933,
				0.4,
				1,
				-0.3,
				1.067,
				-0.3,
				1,
				1.183,
				-0.3,
				1.3,
				-0.181,
				1.417,
				0,
				1,
				1.556,
				0.216,
				1.694,
				0.3,
				1.833,
				0.3,
				1,
				1.961,
				0.3,
				2.089,
				-0.3,
				2.217,
				-0.3,
				1,
				2.389,
				-0.3,
				2.561,
				0.5,
				2.733,
				0.5,
				1,
				3.183,
				0.5,
				3.633,
				0,
				4.083,
				0,
				1,
				4.172,
				0,
				4.261,
				0.4,
				4.35,
				0.4,
				1,
				4.533,
				0.4,
				4.717,
				-0.5,
				4.9,
				-0.5,
				1,
				5.428,
				-0.5,
				5.956,
				0.7,
				6.483,
				0.7,
				1,
				6.594,
				0.7,
				6.706,
				0.2,
				6.817,
				0.2,
				1,
				6.967,
				0.2,
				7.117,
				0.5,
				7.267,
				0.5,
				1,
				7.689,
				0.5,
				8.111,
				-0.4,
				8.533,
				-0.4,
				1,
				8.983,
				-0.4,
				9.433,
				0.3,
				9.883,
				0.3,
				1,
				11.161,
				0.3,
				12.439,
				0.3,
				13.717,
				0.3,
				1,
				14.472,
				0.3,
				15.228,
				-0.3,
				15.983,
				-0.3
			]
		},
		{
			"Target": "Parameter",
			"Id": "ParamRightLeg1",
			"Segments": [
				0,
				0.5,
				1,
				0.111,
				0.5,
				0.222,
				-0.3,
				0.333,
				-0.3,
				1,
				0.4,
				-0.3,
				0.467,
				0.5,
				0.533,
				0.5,
				1,
				0.644,
				0.5,
				0.756,
				-0.3,
				0.867,
				-0.3,
				1,
				0.933,
				-0.3,
				1,
				0.5,
				1.067,
				0.5,
				1,
				1.183,
				0.5,
				1.3,
				-0.3,
				1.417,
				-0.3,
				1,
				1.556,
				-0.3,
				1.694,
				0.3,
				1.833,
				0.3,
				1,
				1.967,
				0.3,
				2.1,
				-0.2,
				2.233,
				-0.2,
				1,
				2.817,
				-0.2,
				3.4,
				0,
				3.983,
				0,
				1,
				4.583,
				0,
				5.183,
				-1,
				5.783,
				-1,
				1,
				6.017,
				-1,
				6.25,
				-0.405,
				6.483,
				-0.3,
				1,
				7.067,
				-0.038,
				7.65,
				0,
				8.233,
				0,
				1,
				8.783,
				0,
				9.333,
				-0.3,
				9.883,
				-0.3,
				1,
				11.161,
				-0.3,
				12.439,
				-0.3,
				13.717,
				-0.3,
				1,
				14.472,
				-0.3,
				15.228,
				0.5,
				15.983,
				0.5
			]
		},
		{
			"Target": "Parameter",
			"Id": "ParamLeftLeg2",
			"Segments": [
				0,
				-0.3,
				1,
				0.111,
				-0.3,
				0.222,
				0.2,
				0.333,
				0.2,
				1,
				0.4,
				0.2,
				0.467,
				-0.3,
				0.533,
				-0.3,
				1,
				0.644,
				-0.3,
				0.756,
				0.2,
				0.867,
				0.2,
				1,
				0.933,
				0.2,
				1,
				-0.3,
				1.067,
				-0.3,
				1,
				1.183,
				-0.3,
				1.3,
				0.3,
				1.417,
				0.3,
				1,
				1.556,
				0.3,
				1.694,
				-0.3,
				1.833,
				-0.3,
				1,
				2.178,
				-0.3,
				2.522,
				-0.3,
				2.867,
				-0.3,
				1,
				3.044,
				-0.3,
				3.222,
				-0.8,
				3.4,
				-0.8,
				1,
				3.794,
				-0.8,
				4.189,
				-0.176,
				4.583,
				0,
				1,
				5.217,
				0.283,
				5.85,
				0.3,
				6.483,
				0.3,
				1,
				6.85,
				0.3,
				7.217,
				-0.4,
				7.583,
				-0.4,
				1,
				8.05,
				-0.4,
				8.517,
				0.3,
				8.983,
				0.3,
				1,
				9.283,
				0.3,
				9.583,
				-0.2,
				9.883,
				-0.2,
				1,
				11.161,
				-0.2,
				12.439,
				0.3,
				13.717,
				0.3,
				1,
				14.472,
				0.3,
				15.228,
				-0.3,
				15.983,
				-0.3
			]
		},
		{
			"Target": "Parameter",
			"Id": "ParamRightLeg2",
			"Segments": [
				0,
				0.4,
				1,
				0.111,
				0.4,
				0.222,
				-0.2,
				0.333,
				-0.2,
				1,
				0.4,
				-0.2,
				0.467,
				0.4,
				0.533,
				0.4,
				1,
				0.644,
				0.4,
				0.756,
				-0.2,
				0.867,
				-0.2,
				1,
				0.933,
				-0.2,
				1,
				0.4,
				1.067,
				0.4,
				1,
				1.183,
				0.4,
				1.3,
				0,
				1.417,
				0,
				1,
				1.556,
				0,
				1.694,
				0.6,
				1.833,
				0.6,
				1,
				2.289,
				0.6,
				2.744,
				0.317,
				3.2,
				0,
				1,
				3.461,
				-0.182,
				3.722,
				-0.2,
				3.983,
				-0.2,
				1,
				4.817,
				-0.2,
				5.65,
				-0.2,
				6.483,
				-0.2,
				1,
				7.317,
				-0.2,
				8.15,
				0.4,
				8.983,
				0.4,
				1,
				9.283,
				0.4,
				9.583,
				0.285,
				9.883,
				0.2,
				1,
				11.161,
				-0.162,
				12.439,
				-0.3,
				13.717,
				-0.3,
				1,
				14.472,
				-0.3,
				15.228,
				0.4,
				15.983,
				0.4
			]
		},
		{
			"Target": "Parameter",
			"Id": "ParamCatEye",
			"Segments": [
				0,
				0,
				1,
				5.328,
				0,
				10.656,
				0,
				15.983,
				0
			]
		},
		{
			"Target": "Parameter",
			"Id": "ParamEyeBackAdd",
			"Segments": [
				0,
				0,
				1,
				5.328,
				0,
				10.656,
				0,
				15.983,
				0
			]
		},
		{
			"Target": "Parameter",
			"Id": "ParamEyeSize",
			"Segments": [
				0,
				1,
				1,
				5.328,
				1,
				10.656,
				1,
				15.983,
				1
			]
		},
		{
			"Target": "Parameter",
			"Id": "ParamEyeLOpen",
			"Segments": [
				0,
				0.8,
				1,
				0.222,
				0.8,
				0.444,
				0.5,
				0.667,
				0.5,
				1,
				1.122,
				0.5,
				1.578,
				0.6,
				2.033,
				0.6,
				1,
				2.078,
				0.6,
				2.122,
				0,
				2.167,
				0,
				1,
				2.178,
				0,
				2.189,
				0,
				2.2,
				0,
				1,
				2.256,
				0,
				2.311,
				0.579,
				2.367,
				0.6,
				1,
				2.772,
				0.751,
				3.178,
				0.8,
				3.583,
				0.8,
				1,
				3.65,
				0.8,
				3.717,
				0,
				3.783,
				0,
				1,
				4.344,
				0,
				4.906,
				0,
				5.467,
				0,
				1,
				6.094,
				0,
				6.722,
				0,
				7.35,
				0,
				1,
				7.406,
				0,
				7.461,
				0,
				7.517,
				0,
				1,
				7.578,
				0,
				7.639,
				1,
				7.7,
				1,
				1,
				7.8,
				1,
				7.9,
				1,
				8,
				1,
				1,
				8.078,
				1,
				8.156,
				0.711,
				8.233,
				0.7,
				1,
				8.533,
				0.658,
				8.833,
				0.638,
				9.133,
				0.6,
				1,
				9.178,
				0.594,
				9.222,
				0,
				9.267,
				0,
				1,
				9.278,
				0,
				9.289,
				0,
				9.3,
				0,
				1,
				9.356,
				0,
				9.411,
				0.584,
				9.467,
				0.6,
				1,
				9.744,
				0.679,
				10.022,
				0.7,
				10.3,
				0.7,
				1,
				10.35,
				0.7,
				10.4,
				0,
				10.45,
				0,
				1,
				11.061,
				0,
				11.672,
				0,
				12.283,
				0,
				1,
				12.322,
				0,
				12.361,
				0.9,
				12.4,
				0.9,
				1,
				13.222,
				0.9,
				14.044,
				0.811,
				14.867,
				0.6,
				1,
				14.911,
				0.589,
				14.956,
				0,
				15,
				0,
				1,
				15.011,
				0,
				15.022,
				0,
				15.033,
				0,
				1,
				15.089,
				0,
				15.144,
				0.566,
				15.2,
				0.6,
				1,
				15.461,
				0.759,
				15.722,
				0.8,
				15.983,
				0.8
			]
		},
		{
			"Target": "Parameter",
			"Id": "ParamEyeLSmile",
			"Segments": [
				0,
				0,
				0,
				3.567,
				0,
				1,
				3.639,
				0,
				3.711,
				1,
				3.783,
				1,
				1,
				5.933,
				1,
				8.083,
				1,
				10.233,
				1,
				1,
				10.272,
				1,
				10.311,
				0,
				10.35,
				0,
				1,
				10.994,
				0,
				11.639,
				0,
				12.283,
				0,
				1,
				12.322,
				0,
				12.361,
				1,
				12.4,
				1,
				1,
				13.556,
				1,
				14.711,
				1,
				15.867,
				1,
				1,
				15.906,
				1,
				15.944,
				0,
				15.983,
				0
			]
		},
		{
			"Target": "Parameter",
			"Id": "ParamEyeROpen",
			"Segments": [
				0,
				0.8,
				1,
				0.222,
				0.8,
				0.444,
				0.5,
				0.667,
				0.5,
				1,
				1.122,
				0.5,
				1.578,
				0.6,
				2.033,
				0.6,
				1,
				2.078,
				0.6,
				2.122,
				0,
				2.167,
				0,
				1,
				2.178,
				0,
				2.189,
				0,
				2.2,
				0,
				1,
				2.256,
				0,
				2.311,
				0.579,
				2.367,
				0.6,
				1,
				2.772,
				0.751,
				3.178,
				0.8,
				3.583,
				0.8,
				1,
				3.65,
				0.8,
				3.717,
				0,
				3.783,
				0,
				1,
				4.344,
				0,
				4.906,
				0,
				5.467,
				0,
				1,
				5.617,
				0,
				5.767,
				1,
				5.917,
				1,
				1,
				6.394,
				1,
				6.872,
				0.948,
				7.35,
				0.8,
				1,
				7.406,
				0.783,
				7.461,
				0,
				7.517,
				0,
				1,
				7.578,
				0,
				7.639,
				1,
				7.7,
				1,
				1,
				7.8,
				1,
				7.9,
				1,
				8,
				1,
				1,
				8.078,
				1,
				8.156,
				0.711,
				8.233,
				0.7,
				1,
				8.533,
				0.658,
				8.833,
				0.638,
				9.133,
				0.6,
				1,
				9.178,
				0.594,
				9.222,
				0,
				9.267,
				0,
				1,
				9.278,
				0,
				9.289,
				0,
				9.3,
				0,
				1,
				9.356,
				0,
				9.411,
				0.568,
				9.467,
				0.6,
				1,
				9.744,
				0.758,
				10.022,
				0.8,
				10.3,
				0.8,
				1,
				10.35,
				0.8,
				10.4,
				0,
				10.45,
				0,
				1,
				11.061,
				0,
				11.672,
				0,
				12.283,
				0,
				1,
				12.322,
				0,
				12.361,
				0.9,
				12.4,
				0.9,
				1,
				13.222,
				0.9,
				14.044,
				0.811,
				14.867,
				0.6,
				1,
				14.911,
				0.589,
				14.956,
				0,
				15,
				0,
				1,
				15.011,
				0,
				15.022,
				0,
				15.033,
				0,
				1,
				15.089,
				0,
				15.144,
				0.566,
				15.2,
				0.6,
				1,
				15.461,
				0.759,
				15.722,
				0.8,
				15.983,
				0.8
			]
		},
		{
			"Target": "Parameter",
			"Id": "ParamEyeRSmile",
			"Segments": [
				0,
				0,
				0,
				3.567,
				0,
				1,
				3.639,
				0,
				3.711,
				1,
				3.783,
				1,
				1,
				5.933,
				1,
				8.083,
				1,
				10.233,
				1,
				1,
				10.272,
				1,
				10.311,
				0,
				10.35,
				0,
				1,
				10.994,
				0,
				11.639,
				0,
				12.283,
				0,
				1,
				12.322,
				0,
				12.361,
				1,
				12.4,
				1,
				1,
				13.556,
				1,
				14.711,
				1,
				15.867,
				1,
				1,
				15.906,
				1,
				15.944,
				0,
				15.983,
				0
			]
		},
		{
			"Target": "Parameter",
			"Id": "ParamEyeBallX",
			"Segments": [
				0,
				0,
				1,
				0.161,
				0,
				0.322,
				-0.7,
				0.483,
				-0.7,
				1,
				0.678,
				-0.7,
				0.872,
				0.5,
				1.067,
				0.5,
				1,
				1.233,
				0.5,
				1.4,
				-0.9,
				1.567,
				-0.9,
				1,
				1.717,
				-0.9,
				1.867,
				-0.4,
				2.017,
				-0.4,
				1,
				2.078,
				-0.4,
				2.139,
				-0.4,
				2.2,
				-0.4,
				1,
				2.211,
				-0.4,
				2.222,
				0.6,
				2.233,
				0.6,
				1,
				2.539,
				0.6,
				2.844,
				-0.9,
				3.15,
				-0.9,
				1,
				3.294,
				-0.9,
				3.439,
				0.6,
				3.583,
				0.6,
				1,
				4.45,
				0.6,
				5.317,
				0.6,
				6.183,
				0.6,
				1,
				6.272,
				0.6,
				6.361,
				-0.1,
				6.45,
				-0.1,
				1,
				6.639,
				-0.1,
				6.828,
				0.5,
				7.017,
				0.5,
				1,
				7.489,
				0.5,
				7.961,
				0.5,
				8.433,
				0.5,
				1,
				8.594,
				0.5,
				8.756,
				-0.4,
				8.917,
				-0.4,
				1,
				9.311,
				-0.4,
				9.706,
				-0.241,
				10.1,
				-0.2,
				1,
				10.939,
				-0.112,
				11.778,
				-0.078,
				12.617,
				0,
				1,
				12.767,
				0.014,
				12.917,
				1,
				13.067,
				1,
				1,
				13.35,
				1,
				13.633,
				-0.2,
				13.917,
				-0.2,
				1,
				14.606,
				-0.2,
				15.294,
				0,
				15.983,
				0
			]
		},
		{
			"Target": "Parameter",
			"Id": "ParamEyeBallY",
			"Segments": [
				0,
				0,
				1,
				0.161,
				0,
				0.322,
				-0.1,
				0.483,
				-0.1,
				1,
				0.678,
				-0.1,
				0.872,
				-0.071,
				1.067,
				0,
				1,
				1.233,
				0.061,
				1.4,
				0.1,
				1.567,
				0.1,
				1,
				1.717,
				0.1,
				1.867,
				0.041,
				2.017,
				-0.1,
				1,
				2.078,
				-0.157,
				2.139,
				-0.2,
				2.2,
				-0.2,
				1,
				2.211,
				-0.2,
				2.222,
				-0.101,
				2.233,
				-0.1,
				1,
				2.539,
				-0.065,
				2.844,
				-0.046,
				3.15,
				0,
				1,
				3.294,
				0.022,
				3.439,
				0.2,
				3.583,
				0.2,
				1,
				4.45,
				0.2,
				5.317,
				0.146,
				6.183,
				0,
				1,
				6.272,
				-0.015,
				6.361,
				-0.5,
				6.45,
				-0.5,
				1,
				6.639,
				-0.5,
				6.828,
				-0.2,
				7.017,
				-0.2,
				1,
				7.489,
				-0.2,
				7.961,
				-0.2,
				8.433,
				-0.2,
				1,
				8.594,
				-0.2,
				8.756,
				-0.4,
				8.917,
				-0.4,
				1,
				9.311,
				-0.4,
				9.706,
				-0.122,
				10.1,
				-0.1,
				1,
				10.939,
				-0.053,
				11.778,
				-0.039,
				12.617,
				0,
				1,
				12.767,
				0.007,
				12.917,
				0.2,
				13.067,
				0.2,
				1,
				13.35,
				0.2,
				13.633,
				0.133,
				13.917,
				0.1,
				1,
				14.606,
				0.02,
				15.294,
				0,
				15.983,
				0
			]
		},
		{
			"Target": "Parameter",
			"Id": "ParamBrowLY",
			"Segments": [
				0,
				-0.1,
				1,
				0.528,
				-0.1,
				1.056,
				0.2,
				1.583,
				0.2,
				1,
				2.178,
				0.2,
				2.772,
				0,
				3.367,
				0,
				1,
				3.461,
				0,
				3.556,
				0.1,
				3.65,
				0.1,
				1,
				3.717,
				0.1,
				3.783,
				-0.2,
				3.85,
				-0.2,
				1,
				4.161,
				-0.2,
				4.472,
				0,
				4.783,
				0,
				1,
				5.194,
				0,
				5.606,
				-0.2,
				6.017,
				-0.2,
				1,
				6.117,
				-0.2,
				6.217,
				0.1,
				6.317,
				0.1,
				1,
				6.444,
				0.1,
				6.572,
				0.1,
				6.7,
				0.1,
				1,
				6.972,
				0.1,
				7.244,
				0,
				7.517,
				0,
				1,
				8.333,
				0,
				9.15,
				0.053,
				9.967,
				0.2,
				1,
				10.094,
				0.223,
				10.222,
				0.3,
				10.35,
				0.3,
				1,
				10.417,
				0.3,
				10.483,
				0.017,
				10.55,
				0,
				1,
				11.122,
				-0.148,
				11.694,
				-0.2,
				12.267,
				-0.2,
				1,
				12.322,
				-0.2,
				12.378,
				0,
				12.433,
				0,
				1,
				13.617,
				0,
				14.8,
				-0.1,
				15.983,
				-0.1
			]
		},
		{
			"Target": "Parameter",
			"Id": "ParamBrowRY",
			"Segments": [
				0,
				-0.1,
				1,
				0.528,
				-0.1,
				1.056,
				0.2,
				1.583,
				0.2,
				1,
				2.178,
				0.2,
				2.772,
				0,
				3.367,
				0,
				1,
				3.461,
				0,
				3.556,
				0.1,
				3.65,
				0.1,
				1,
				3.717,
				0.1,
				3.783,
				-0.2,
				3.85,
				-0.2,
				1,
				4.161,
				-0.2,
				4.472,
				0,
				4.783,
				0,
				1,
				5.128,
				0,
				5.472,
				0,
				5.817,
				0,
				1,
				5.883,
				0,
				5.95,
				0,
				6.017,
				0,
				1,
				6.117,
				0,
				6.217,
				0.085,
				6.317,
				0.2,
				1,
				6.444,
				0.347,
				6.572,
				0.4,
				6.7,
				0.4,
				1,
				6.972,
				0.4,
				7.244,
				0,
				7.517,
				0,
				1,
				8.333,
				0,
				9.15,
				0.3,
				9.967,
				0.3,
				1,
				10.094,
				0.3,
				10.222,
				0.3,
				10.35,
				0.3,
				1,
				10.417,
				0.3,
				10.483,
				0.017,
				10.55,
				0,
				1,
				11.122,
				-0.148,
				11.694,
				-0.2,
				12.267,
				-0.2,
				1,
				12.322,
				-0.2,
				12.378,
				0,
				12.433,
				0,
				1,
				13.617,
				0,
				14.8,
				-0.1,
				15.983,
				-0.1
			]
		},
		{
			"Target": "Parameter",
			"Id": "ParamBrowLAngle",
			"Segments": [
				0,
				-0.1,
				1,
				0.528,
				-0.1,
				1.056,
				-0.087,
				1.583,
				0,
				1,
				2.178,
				0.098,
				2.772,
				0.2,
				3.367,
				0.2,
				1,
				3.461,
				0.2,
				3.556,
				0.114,
				3.65,
				0,
				1,
				3.717,
				-0.08,
				3.783,
				-0.1,
				3.85,
				-0.1,
				1,
				4.161,
				-0.1,
				4.472,
				0,
				4.783,
				0,
				1,
				5.194,
				0,
				5.606,
				-0.1,
				6.017,
				-0.1,
				1,
				6.244,
				-0.1,
				6.472,
				0,
				6.7,
				0,
				1,
				6.972,
				0,
				7.244,
				0,
				7.517,
				0,
				1,
				8.333,
				0,
				9.15,
				0,
				9.967,
				0,
				1,
				10.094,
				0,
				10.222,
				0,
				10.35,
				0,
				1,
				12.228,
				0,
				14.106,
				-0.1,
				15.983,
				-0.1
			]
		},
		{
			"Target": "Parameter",
			"Id": "ParamBrowRAngle",
			"Segments": [
				0,
				-0.1,
				1,
				0.528,
				-0.1,
				1.056,
				-0.087,
				1.583,
				0,
				1,
				2.178,
				0.098,
				2.772,
				0.2,
				3.367,
				0.2,
				1,
				3.461,
				0.2,
				3.556,
				0.114,
				3.65,
				0,
				1,
				3.717,
				-0.08,
				3.783,
				-0.1,
				3.85,
				-0.1,
				1,
				4.161,
				-0.1,
				4.472,
				0,
				4.783,
				0,
				1,
				5.194,
				0,
				5.606,
				-0.1,
				6.017,
				-0.1,
				1,
				6.244,
				-0.1,
				6.472,
				0,
				6.7,
				0,
				1,
				6.972,
				0,
				7.244,
				0,
				7.517,
				0,
				1,
				8.333,
				0,
				9.15,
				0,
				9.967,
				0,
				1,
				10.094,
				0,
				10.222,
				0,
				10.35,
				0,
				1,
				12.228,
				0,
				14.106,
				-0.1,
				15.983,
				-0.1
			]
		},
		{
			"Target": "Parameter",
			"Id": "ParamBrowLForm",
			"Segments": [
				0,
				0.3,
				1,
				0.167,
				0.3,
				0.333,
				-0.1,
				0.5,
				-0.1,
				1,
				0.861,
				-0.1,
				1.222,
				0.3,
				1.583,
				0.3,
				1,
				2.178,
				0.3,
				2.772,
				0,
				3.367,
				0,
				1,
				3.461,
				0,
				3.556,
				0.8,
				3.65,
				0.8,
				1,
				3.717,
				0.8,
				3.783,
				-1,
				3.85,
				-1,
				1,
				4.056,
				-1,
				4.261,
				-0.972,
				4.467,
				-0.7,
				1,
				4.572,
				-0.56,
				4.678,
				0,
				4.783,
				0,
				1,
				5.028,
				0,
				5.272,
				0,
				5.517,
				0,
				1,
				5.683,
				0,
				5.85,
				-0.7,
				6.017,
				-0.7,
				1,
				6.117,
				-0.7,
				6.217,
				-0.488,
				6.317,
				-0.2,
				1,
				6.444,
				0.168,
				6.572,
				0.3,
				6.7,
				0.3,
				1,
				6.972,
				0.3,
				7.244,
				0,
				7.517,
				0,
				1,
				8.333,
				0,
				9.15,
				0.5,
				9.967,
				0.5,
				1,
				10.094,
				0.5,
				10.222,
				0.5,
				10.35,
				0.5,
				1,
				12.228,
				0.5,
				14.106,
				0.3,
				15.983,
				0.3
			]
		},
		{
			"Target": "Parameter",
			"Id": "ParamBrowRForm",
			"Segments": [
				0,
				0.3,
				1,
				0.167,
				0.3,
				0.333,
				-0.1,
				0.5,
				-0.1,
				1,
				0.861,
				-0.1,
				1.222,
				0.3,
				1.583,
				0.3,
				1,
				2.178,
				0.3,
				2.772,
				0,
				3.367,
				0,
				1,
				3.461,
				0,
				3.556,
				0.8,
				3.65,
				0.8,
				1,
				3.717,
				0.8,
				3.783,
				-1,
				3.85,
				-1,
				1,
				4.056,
				-1,
				4.261,
				-0.972,
				4.467,
				-0.7,
				1,
				4.572,
				-0.56,
				4.678,
				0,
				4.783,
				0,
				1,
				5.028,
				0,
				5.272,
				0,
				5.517,
				0,
				1,
				5.617,
				0,
				5.717,
				-0.2,
				5.817,
				-0.2,
				1,
				5.883,
				-0.2,
				5.95,
				-0.2,
				6.017,
				-0.2,
				1,
				6.244,
				-0.2,
				6.472,
				0.3,
				6.7,
				0.3,
				1,
				6.972,
				0.3,
				7.244,
				0,
				7.517,
				0,
				1,
				8.333,
				0,
				9.15,
				0.5,
				9.967,
				0.5,
				1,
				10.094,
				0.5,
				10.222,
				0.505,
				10.35,
				0.498,
				1,
				12.228,
				0.401,
				14.106,
				0.3,
				15.983,
				0.3
			]
		}
	]
}