{
	"Version": 3,
	"Meta": {
		"Duration": 9.983,
		"Fps": 60.0,
		"Loop": true,
		"AreBeziersRestricted": true,
		"CurveCount": 32,
		"TotalSegmentCount": 137,
		"TotalPointCount": 427,
		"UserDataCount": 0,
		"TotalUserDataSize": 0
	},
	"Curves": [
		{
			"Target": "Parameter",
			"Id": "ParamAngleX",
			"Segments": [
				0,
				0,
				1,
				0.244,
				0,
				0.489,
				-12,
				0.733,
				-12,
				1,
				1.389,
				-12,
				2.044,
				2,
				2.7,
				2,
				1,
				3.35,
				2,
				4,
				-19,
				4.65,
				-19,
				1,
				5.017,
				-19,
				5.383,
				-17.007,
				5.75,
				-12,
				1,
				6.406,
				-3.048,
				7.061,
				2,
				7.717,
				2,
				1,
				8.472,
				2,
				9.228,
				0,
				9.983,
				0
			]
		},
		{
			"Target": "Parameter",
			"Id": "ParamAngleY",
			"Segments": [
				0,
				-11,
				1,
				0.228,
				-11,
				0.456,
				1,
				0.683,
				1,
				1,
				0.939,
				1,
				1.194,
				-5,
				1.45,
				-5,
				1,
				1.828,
				-5,
				2.206,
				-2.681,
				2.583,
				0,
				1,
				3.022,
				3.115,
				3.461,
				4,
				3.9,
				4,
				1,
				4.5,
				4,
				5.1,
				3.612,
				5.7,
				1,
				1,
				5.956,
				-0.113,
				6.211,
				-5,
				6.467,
				-5,
				1,
				6.844,
				-5,
				7.222,
				0,
				7.6,
				0,
				1,
				8.394,
				0,
				9.189,
				-11,
				9.983,
				-11
			]
		},
		{
			"Target": "Parameter",
			"Id": "ParamAngleZ",
			"Segments": [
				0,
				0,
				1,
				0.483,
				0,
				0.967,
				-6,
				1.45,
				-6,
				1,
				3.122,
				-6,
				4.794,
				-6,
				6.467,
				-6,
				1,
				7.639,
				-6,
				8.811,
				0,
				9.983,
				0
			]
		},
		{
			"Target": "Parameter",
			"Id": "ParamEarLeft",
			"Segments": [
				0,
				-0.5,
				1,
				0.411,
				-0.5,
				0.822,
				0,
				1.233,
				0,
				1,
				1.517,
				0,
				1.8,
				-0.4,
				2.083,
				-0.4,
				1,
				2.517,
				-0.4,
				2.95,
				-0.2,
				3.383,
				-0.2,
				1,
				3.794,
				-0.2,
				4.206,
				-0.6,
				4.617,
				-0.6,
				1,
				5.161,
				-0.6,
				5.706,
				0,
				6.25,
				0,
				1,
				6.533,
				0,
				6.817,
				-0.375,
				7.1,
				-0.4,
				1,
				8.061,
				-0.484,
				9.022,
				-0.5,
				9.983,
				-0.5
			]
		},
		{
			"Target": "Parameter",
			"Id": "ParamEarRight",
			"Segments": [
				0,
				-0.5,
				1,
				0.411,
				-0.5,
				0.822,
				0,
				1.233,
				0,
				1,
				1.517,
				0,
				1.8,
				-0.4,
				2.083,
				-0.4,
				1,
				2.517,
				-0.4,
				2.95,
				-0.2,
				3.383,
				-0.2,
				1,
				3.794,
				-0.2,
				4.206,
				-0.6,
				4.617,
				-0.6,
				1,
				5.161,
				-0.6,
				5.706,
				0,
				6.25,
				0,
				1,
				6.533,
				0,
				6.817,
				-0.375,
				7.1,
				-0.4,
				1,
				8.061,
				-0.484,
				9.022,
				-0.5,
				9.983,
				-0.5
			]
		},
		{
			"Target": "Parameter",
			"Id": "ParamMouthForm",
			"Segments": [
				0,
				0.7,
				1,
				1.222,
				0.7,
				2.444,
				0.8,
				3.667,
				0.8,
				1,
				3.922,
				0.8,
				4.178,
				-0.5,
				4.433,
				-0.5,
				1,
				5.061,
				-0.5,
				5.689,
				-0.526,
				6.317,
				-0.4,
				1,
				6.989,
				-0.265,
				7.661,
				0.8,
				8.333,
				0.8,
				1,
				8.883,
				0.8,
				9.433,
				0.7,
				9.983,
				0.7
			]
		},
		{
			"Target": "Parameter",
			"Id": "ParamMouthOpenY",
			"Segments": [
				0,
				0,
				1,
				0.239,
				0,
				0.478,
				0.3,
				0.717,
				0.3,
				1,
				0.9,
				0.3,
				1.083,
				0,
				1.267,
				0,
				1,
				1.567,
				0,
				1.867,
				0.7,
				2.167,
				0.7,
				1,
				2.45,
				0.7,
				2.733,
				0,
				3.017,
				0,
				1,
				3.272,
				0,
				3.528,
				0.3,
				3.783,
				0.3,
				1,
				4.078,
				0.3,
				4.372,
				0,
				4.667,
				0,
				1,
				5.022,
				0,
				5.378,
				0.3,
				5.733,
				0.3,
				1,
				5.917,
				0.3,
				6.1,
				0,
				6.283,
				0,
				1,
				6.583,
				0,
				6.883,
				0.7,
				7.183,
				0.7,
				1,
				7.539,
				0.7,
				7.894,
				0,
				8.25,
				0,
				1,
				8.672,
				0,
				9.094,
				0.4,
				9.517,
				0.4,
				1,
				9.672,
				0.4,
				9.828,
				0,
				9.983,
				0
			]
		},
		{
			"Target": "Parameter",
			"Id": "ParamBodyAngleX",
			"Segments": [
				0,
				-2,
				1,
				0.578,
				-2,
				1.156,
				1.283,
				1.733,
				4,
				1,
				2.594,
				8.05,
				3.456,
				9,
				4.317,
				9,
				1,
				5.128,
				9,
				5.939,
				7.141,
				6.75,
				4,
				1,
				7.828,
				-0.174,
				8.906,
				-2,
				9.983,
				-2
			]
		},
		{
			"Target": "Parameter",
			"Id": "ParamBodyAngleY",
			"Segments": [
				0,
				0,
				1,
				3.328,
				0,
				6.656,
				0,
				9.983,
				0
			]
		},
		{
			"Target": "Parameter",
			"Id": "ParamBodyAngleZ",
			"Segments": [
				0,
				-3,
				1,
				0.289,
				-3,
				0.578,
				-7,
				0.867,
				-7,
				1,
				1.411,
				-7,
				1.956,
				-4.711,
				2.5,
				0,
				1,
				3.111,
				5.288,
				3.722,
				8,
				4.333,
				8,
				1,
				6.217,
				8,
				8.1,
				-3,
				9.983,
				-3
			]
		},
		{
			"Target": "Parameter",
			"Id": "ParamPosX",
			"Segments": [
				0,
				0,
				1,
				1.522,
				0,
				3.044,
				0,
				4.567,
				0,
				1,
				6.372,
				0,
				8.178,
				0,
				9.983,
				0
			]
		},
		{
			"Target": "Parameter",
			"Id": "ParamPosY",
			"Segments": [
				0,
				0,
				1,
				3.328,
				0,
				6.656,
				0,
				9.983,
				0
			]
		},
		{
			"Target": "Parameter",
			"Id": "ParamBreath",
			"Segments": [
				0,
				0,
				1,
				0.394,
				0,
				0.789,
				1,
				1.183,
				1,
				1,
				1.561,
				1,
				1.939,
				0,
				2.317,
				0,
				1,
				2.706,
				0,
				3.094,
				1,
				3.483,
				1,
				1,
				3.872,
				1,
				4.261,
				0,
				4.65,
				0,
				1,
				5.167,
				0,
				5.683,
				1,
				6.2,
				1,
				1,
				6.578,
				1,
				6.956,
				0,
				7.333,
				0,
				1,
				8.217,
				0,
				9.1,
				0,
				9.983,
				0
			]
		},
		{
			"Target": "Parameter",
			"Id": "ParamTail",
			"Segments": [
				0,
				23,
				1,
				0.144,
				23,
				0.289,
				30,
				0.433,
				30,
				1,
				0.822,
				30,
				1.211,
				8,
				1.6,
				8,
				1,
				1.872,
				8,
				2.144,
				30,
				2.417,
				30,
				1,
				3.739,
				30,
				5.061,
				13,
				6.383,
				13,
				1,
				6.711,
				13,
				7.039,
				30,
				7.367,
				30,
				1,
				8.239,
				30,
				9.111,
				23,
				9.983,
				23
			]
		},
		{
			"Target": "Parameter",
			"Id": "ParamLeftLeg1",
			"Segments": [
				0,
				0,
				1,
				0.283,
				0,
				0.567,
				-0.3,
				0.85,
				-0.3,
				1,
				1.178,
				-0.3,
				1.506,
				0.4,
				1.833,
				0.4,
				1,
				2.2,
				0.4,
				2.567,
				0,
				2.933,
				0,
				1,
				3.206,
				0,
				3.478,
				0.6,
				3.75,
				0.6,
				1,
				4.061,
				0.6,
				4.372,
				0.215,
				4.683,
				0,
				1,
				5.078,
				-0.273,
				5.472,
				-0.3,
				5.867,
				-0.3,
				1,
				6.194,
				-0.3,
				6.522,
				0.4,
				6.85,
				0.4,
				1,
				7.217,
				0.4,
				7.583,
				0,
				7.95,
				0,
				1,
				8.089,
				0,
				8.228,
				0,
				8.367,
				0,
				1,
				8.667,
				0,
				8.967,
				0.1,
				9.267,
				0.1,
				1,
				9.506,
				0.1,
				9.744,
				0,
				9.983,
				0
			]
		},
		{
			"Target": "Parameter",
			"Id": "ParamRightLeg1",
			"Segments": [
				0,
				0,
				1,
				0.283,
				0,
				0.567,
				-0.4,
				0.85,
				-0.4,
				1,
				1.278,
				-0.4,
				1.706,
				0.2,
				2.133,
				0.2,
				1,
				2.4,
				0.2,
				2.667,
				0.2,
				2.933,
				0,
				1,
				3.206,
				-0.204,
				3.478,
				-0.6,
				3.75,
				-0.6,
				1,
				4.061,
				-0.6,
				4.372,
				0,
				4.683,
				0,
				1,
				5.078,
				0,
				5.472,
				-0.4,
				5.867,
				-0.4,
				1,
				6.294,
				-0.4,
				6.722,
				0.2,
				7.15,
				0.2,
				1,
				7.417,
				0.2,
				7.683,
				0.131,
				7.95,
				0,
				1,
				8.089,
				-0.068,
				8.228,
				-0.1,
				8.367,
				-0.1,
				1,
				8.906,
				-0.1,
				9.444,
				0,
				9.983,
				0
			]
		},
		{
			"Target": "Parameter",
			"Id": "ParamLeftLeg2",
			"Segments": [
				0,
				0,
				1,
				0.283,
				0,
				0.567,
				-0.077,
				0.85,
				-0.2,
				1,
				1.333,
				-0.409,
				1.817,
				-0.5,
				2.3,
				-0.5,
				1,
				2.783,
				-0.5,
				3.267,
				0.1,
				3.75,
				0.1,
				1,
				4.456,
				0.1,
				5.161,
				0.029,
				5.867,
				-0.2,
				1,
				6.35,
				-0.357,
				6.833,
				-0.5,
				7.317,
				-0.5,
				1,
				7.667,
				-0.5,
				8.017,
				0.3,
				8.367,
				0.3,
				1,
				8.906,
				0.3,
				9.444,
				0,
				9.983,
				0
			]
		},
		{
			"Target": "Parameter",
			"Id": "ParamRightLeg2",
			"Segments": [
				0,
				0,
				1,
				0.283,
				0,
				0.567,
				-0.5,
				0.85,
				-0.5,
				1,
				1.544,
				-0.5,
				2.239,
				0.1,
				2.933,
				0.1,
				1,
				3.317,
				0.1,
				3.7,
				0.009,
				4.083,
				-0.3,
				1,
				4.189,
				-0.385,
				4.294,
				-0.6,
				4.4,
				-0.6,
				1,
				4.889,
				-0.6,
				5.378,
				-0.621,
				5.867,
				-0.5,
				1,
				6.561,
				-0.328,
				7.256,
				0.1,
				7.95,
				0.1,
				1,
				8.089,
				0.1,
				8.228,
				-0.3,
				8.367,
				-0.3,
				1,
				8.906,
				-0.3,
				9.444,
				0,
				9.983,
				0
			]
		},
		{
			"Target": "Parameter",
			"Id": "ParamCatEye",
			"Segments": [
				0,
				0,
				0,
				9.983,
				0
			]
		},
		{
			"Target": "Parameter",
			"Id": "ParamEyeSize",
			"Segments": [
				0,
				1,
				0,
				9.983,
				1
			]
		},
		{
			"Target": "Parameter",
			"Id": "ParamEyeLOpen",
			"Segments": [
				0,
				0,
				0,
				9.983,
				0
			]
		},
		{
			"Target": "Parameter",
			"Id": "ParamEyeLSmile",
			"Segments": [
				0,
				0,
				0,
				9.983,
				0
			]
		},
		{
			"Target": "Parameter",
			"Id": "ParamEyeROpen",
			"Segments": [
				0,
				0,
				0,
				9.983,
				0
			]
		},
		{
			"Target": "Parameter",
			"Id": "ParamEyeRSmile",
			"Segments": [
				0,
				0,
				0,
				9.983,
				0
			]
		},
		{
			"Target": "Parameter",
			"Id": "ParamEyeBallX",
			"Segments": [
				0,
				0,
				0,
				9.983,
				0
			]
		},
		{
			"Target": "Parameter",
			"Id": "ParamEyeBallY",
			"Segments": [
				0,
				0,
				0,
				9.983,
				0
			]
		},
		{
			"Target": "Parameter",
			"Id": "ParamBrowLY",
			"Segments": [
				0,
				0,
				1,
				0.317,
				0,
				0.633,
				-0.4,
				0.95,
				-0.4,
				1,
				2.089,
				-0.4,
				3.228,
				-0.4,
				4.367,
				-0.4,
				1,
				4.9,
				-0.4,
				5.433,
				-0.4,
				5.967,
				-0.4,
				1,
				7.306,
				-0.4,
				8.644,
				0,
				9.983,
				0
			]
		},
		{
			"Target": "Parameter",
			"Id": "ParamBrowRY",
			"Segments": [
				0,
				0,
				1,
				0.317,
				0,
				0.633,
				-0.377,
				0.95,
				-0.4,
				1,
				2.089,
				-0.484,
				3.228,
				-0.5,
				4.367,
				-0.5,
				1,
				4.9,
				-0.5,
				5.433,
				-0.491,
				5.967,
				-0.4,
				1,
				7.306,
				-0.172,
				8.644,
				0,
				9.983,
				0
			]
		},
		{
			"Target": "Parameter",
			"Id": "ParamBrowLAngle",
			"Segments": [
				0,
				0,
				1,
				0.317,
				0,
				0.633,
				0.2,
				0.95,
				0.2,
				1,
				2.622,
				0.2,
				4.294,
				0.2,
				5.967,
				0.2,
				1,
				7.306,
				0.2,
				8.644,
				0,
				9.983,
				0
			]
		},
		{
			"Target": "Parameter",
			"Id": "ParamBrowRAngle",
			"Segments": [
				0,
				0,
				1,
				0.317,
				0,
				0.633,
				0.2,
				0.95,
				0.2,
				1,
				2.622,
				0.2,
				4.294,
				0.2,
				5.967,
				0.2,
				1,
				7.306,
				0.2,
				8.644,
				0,
				9.983,
				0
			]
		},
		{
			"Target": "Parameter",
			"Id": "ParamBrowLForm",
			"Segments": [
				0,
				0,
				1,
				0.528,
				0,
				1.056,
				-0.5,
				1.583,
				-0.5,
				1,
				3.256,
				-0.5,
				4.928,
				-0.5,
				6.6,
				-0.5,
				1,
				7.728,
				-0.5,
				8.856,
				0,
				9.983,
				0
			]
		},
		{
			"Target": "Parameter",
			"Id": "ParamBrowRForm",
			"Segments": [
				0,
				0,
				1,
				0.528,
				0,
				1.056,
				-0.5,
				1.583,
				-0.5,
				1,
				3.256,
				-0.5,
				4.928,
				-0.5,
				6.6,
				-0.5,
				1,
				7.728,
				-0.5,
				8.856,
				0,
				9.983,
				0
			]
		}
	]
}